county,precinct,office,district,party,candidate,votes,election_day,early_voting,absentee_mail,provisional
Mendocino,AIRPORT - 9 99201,President,,LIB,Chase Oliver,2,0,,2,
Mendocino,AIRPORT - 9 99201,President,,PFP,Claudia De la Cruz,1,0,,1,
Mendocino,AIRPORT - 9 99201,President,,REP,Donald Trump,163,9,,154,
Mendocino,AIRPORT - 9 99201,President,,GRN,Jill Stein,0,0,,0,
Mendocino,AIRPORT - 9 99201,President,,DEM,Kamala Harris,213,17,,196,
Mendocino,AIRPORT - 9 99201,President,,,Overvotes,1,0,,1,
Mendocino,AIRPORT - 9 99201,President,,AIP,Robert F. Kennedy Jr.,10,2,,8,
Mendocino,AIRPORT - 9 99201,President,,,Undervotes,2,0,,2,
Mendocino,AIRPORT - 9 99201,President,,,Write-ins,0,0,,0,
Mendocino,AIRPORT SO UTH - 999 141,President,,LIB,Chase Oliver,0,0,,0,
Mendocino,AIRPORT SO UTH - 999 141,President,,PFP,Claudia De la Cruz,0,0,,0,
Mendocino,AIRPORT SO UTH - 999 141,President,,REP,Donald Trump,3,1,,2,
Mendocino,AIRPORT SO UTH - 999 141,President,,GRN,Jill Stein,0,0,,0,
Mendocino,AIRPORT SO UTH - 999 141,President,,DEM,Kamala Harris,0,0,,0,
Mendocino,AIRPORT SO UTH - 999 141,President,,,Overvotes,0,0,,0,
Mendocino,AIRPORT SO UTH - 999 141,President,,AIP,Robert F. Kennedy Jr.,0,0,,0,
Mendocino,AIRPORT SO UTH - 999 141,President,,,Undervotes,0,0,,0,
Mendocino,AIRPORT SO UTH - 999 141,President,,,Write-ins,0,0,,0,
Mendocino,ALDER - 999 428,President,,LIB,Chase Oliver,0,0,,0,
Mendocino,ALDER - 999 428,President,,PFP,Claudia De la Cruz,0,0,,0,
Mendocino,ALDER - 999 428,President,,REP,Donald Trump,55,7,,48,
Mendocino,ALDER - 999 428,President,,GRN,Jill Stein,5,0,,5,
Mendocino,ALDER - 999 428,President,,DEM,Kamala Harris,120,8,,112,
Mendocino,ALDER - 999 428,President,,,Overvotes,0,0,,0,
Mendocino,ALDER - 999 428,President,,AIP,Robert F. Kennedy Jr.,3,0,,3,
Mendocino,ALDER - 999 428,President,,,Undervotes,3,0,,3,
Mendocino,ALDER - 999 428,President,,,Write-ins,0,0,,0,
Mendocino,ALEXANDER - 999122,President,,LIB,Chase Oliver,1,0,,1,
Mendocino,ALEXANDER - 999122,President,,PFP,Claudia De la Cruz,0,0,,0,
Mendocino,ALEXANDER - 999122,President,,REP,Donald Trump,0,0,,0,
Mendocino,ALEXANDER - 999122,President,,GRN,Jill Stein,0,0,,0,
Mendocino,ALEXANDER - 999122,President,,DEM,Kamala Harris,1,0,,1,
Mendocino,ALEXANDER - 999122,President,,,Overvotes,0,0,,0,
Mendocino,ALEXANDER - 999122,President,,AIP,Robert F. Kennedy Jr.,0,0,,0,
Mendocino,ALEXANDER - 999122,President,,,Undervotes,0,0,,0,
Mendocino,ALEXANDER - 999122,President,,,Write-ins,0,0,,0,
Mendocino,ALPINE - 99 9407,President,,LIB,Chase Oliver,0,0,,0,
Mendocino,ALPINE - 99 9407,President,,PFP,Claudia De la Cruz,0,0,,0,
Mendocino,ALPINE - 99 9407,President,,REP,Donald Trump,20,0,,20,
Mendocino,ALPINE - 99 9407,President,,GRN,Jill Stein,2,0,,2,
Mendocino,ALPINE - 99 9407,President,,DEM,Kamala Harris,78,3,,75,
Mendocino,ALPINE - 99 9407,President,,,Overvotes,0,0,,0,
Mendocino,ALPINE - 99 9407,President,,AIP,Robert F. Kennedy Jr.,4,0,,4,
Mendocino,ALPINE - 99 9407,President,,,Undervotes,1,0,,1,
Mendocino,ALPINE - 99 9407,President,,,Write-ins,0,0,,0,
Mendocino,ANCHOR B AY - 999518,President,,LIB,Chase Oliver,0,0,,0,
Mendocino,ANCHOR B AY - 999518,President,,PFP,Claudia De la Cruz,0,0,,0,
Mendocino,ANCHOR B AY - 999518,President,,REP,Donald Trump,3,0,,3,
Mendocino,ANCHOR B AY - 999518,President,,GRN,Jill Stein,2,0,,2,
Mendocino,ANCHOR B AY - 999518,President,,DEM,Kamala Harris,28,1,,27,
Mendocino,ANCHOR B AY - 999518,President,,,Overvotes,0,0,,0,
Mendocino,ANCHOR B AY - 999518,President,,AIP,Robert F. Kennedy Jr.,0,0,,0,
Mendocino,ANCHOR B AY - 999518,President,,,Undervotes,0,0,,0,
Mendocino,ANCHOR B AY - 999518,President,,,Write-ins,0,0,,0,
Mendocino,ANTONI LA NE - 100001,President,,LIB,Chase Oliver,2,0,,2,
Mendocino,ANTONI LA NE - 100001,President,,PFP,Claudia De la Cruz,0,0,,0,
Mendocino,ANTONI LA NE - 100001,President,,REP,Donald Trump,248,18,,230,
Mendocino,ANTONI LA NE - 100001,President,,GRN,Jill Stein,4,1,,3,
Mendocino,ANTONI LA NE - 100001,President,,DEM,Kamala Harris,254,15,,239,
Mendocino,ANTONI LA NE - 100001,President,,,Overvotes,0,0,,0,
Mendocino,ANTONI LA NE - 100001,President,,AIP,Robert F. Kennedy Jr.,6,0,,6,
Mendocino,ANTONI LA NE - 100001,President,,,Undervotes,7,0,,7,
Mendocino,ANTONI LA NE - 100001,President,,,Write-ins,0,0,,0,
Mendocino,APPOLINARIS - 999142,President,,LIB,Chase Oliver,0,0,,0,
Mendocino,APPOLINARIS - 999142,President,,PFP,Claudia De la Cruz,0,0,,0,
Mendocino,APPOLINARIS - 999142,President,,REP,Donald Trump,70,2,,68,
Mendocino,APPOLINARIS - 999142,President,,GRN,Jill Stein,1,0,,1,
Mendocino,APPOLINARIS - 999142,President,,DEM,Kamala Harris,52,1,,51,
Mendocino,APPOLINARIS - 999142,President,,,Overvotes,0,0,,0,
Mendocino,APPOLINARIS - 999142,President,,AIP,Robert F. Kennedy Jr.,5,0,,5,
Mendocino,APPOLINARIS - 999142,President,,,Undervotes,1,0,,1,
Mendocino,APPOLINARIS - 999142,President,,,Write-ins,0,0,,0,
Mendocino,ARENA - 99 9514,President,,LIB,Chase Oliver,1,0,,1,
Mendocino,ARENA - 99 9514,President,,PFP,Claudia De la Cruz,2,0,,2,
Mendocino,ARENA - 99 9514,President,,REP,Donald Trump,33,4,,29,
Mendocino,ARENA - 99 9514,President,,GRN,Jill Stein,8,1,,7,
Mendocino,ARENA - 99 9514,President,,DEM,Kamala Harris,153,8,,145,
Mendocino,ARENA - 99 9514,President,,,Overvotes,0,0,,0,
Mendocino,ARENA - 99 9514,President,,AIP,Robert F. Kennedy Jr.,5,2,,3,
Mendocino,ARENA - 99 9514,President,,,Undervotes,2,0,,2,
Mendocino,ARENA - 99 9514,President,,,Write-ins,0,0,,0,
Mendocino,AUCTION Y ARD - 9991 49,President,,LIB,Chase Oliver,0,0,,0,
Mendocino,AUCTION Y ARD - 9991 49,President,,PFP,Claudia De la Cruz,0,0,,0,
Mendocino,AUCTION Y ARD - 9991 49,President,,REP,Donald Trump,7,0,,7,
Mendocino,AUCTION Y ARD - 9991 49,President,,GRN,Jill Stein,0,0,,0,
Mendocino,AUCTION Y ARD - 9991 49,President,,DEM,Kamala Harris,0,0,,0,
Mendocino,AUCTION Y ARD - 9991 49,President,,,Overvotes,0,0,,0,
Mendocino,AUCTION Y ARD - 9991 49,President,,AIP,Robert F. Kennedy Jr.,0,0,,0,
Mendocino,AUCTION Y ARD - 9991 49,President,,,Undervotes,0,0,,0,
Mendocino,AUCTION Y ARD - 9991 49,President,,,Write-ins,0,0,,0,
Mendocino,BAECHTEL - 300007,President,,LIB,Chase Oliver,4,1,,3,
Mendocino,BAECHTEL - 300007,President,,PFP,Claudia De la Cruz,2,1,,1,
Mendocino,BAECHTEL - 300007,President,,REP,Donald Trump,233,41,,192,
Mendocino,BAECHTEL - 300007,President,,GRN,Jill Stein,4,0,,4,
Mendocino,BAECHTEL - 300007,President,,DEM,Kamala Harris,324,26,,298,
Mendocino,BAECHTEL - 300007,President,,,Overvotes,1,0,,1,
Mendocino,BAECHTEL - 300007,President,,AIP,Robert F. Kennedy Jr.,16,2,,14,
Mendocino,BAECHTEL - 300007,President,,,Undervotes,9,2,,7,
Mendocino,BAECHTEL - 300007,President,,,Write-ins,0,0,,0,
Mendocino,BALD MOU NTAIN - 99 9309,President,,LIB,Chase Oliver,1,0,,1,
Mendocino,BALD MOU NTAIN - 99 9309,President,,PFP,Claudia De la Cruz,0,0,,0,
Mendocino,BALD MOU NTAIN - 99 9309,President,,REP,Donald Trump,21,1,,20,
Mendocino,BALD MOU NTAIN - 99 9309,President,,GRN,Jill Stein,4,1,,3,
Mendocino,BALD MOU NTAIN - 99 9309,President,,DEM,Kamala Harris,26,2,,24,
Mendocino,BALD MOU NTAIN - 99 9309,President,,,Overvotes,0,0,,0,
Mendocino,BALD MOU NTAIN - 99 9309,President,,AIP,Robert F. Kennedy Jr.,1,0,,1,
Mendocino,BALD MOU NTAIN - 99 9309,President,,,Undervotes,2,0,,2,
Mendocino,BALD MOU NTAIN - 99 9309,President,,,Write-ins,0,0,,0,
Mendocino,BEAR HARB OR - 9994 21,President,,LIB,Chase Oliver,0,0,,0,
Mendocino,BEAR HARB OR - 9994 21,President,,PFP,Claudia De la Cruz,1,0,,1,
Mendocino,BEAR HARB OR - 9994 21,President,,REP,Donald Trump,4,0,,4,
Mendocino,BEAR HARB OR - 9994 21,President,,GRN,Jill Stein,2,0,,2,
Mendocino,BEAR HARB OR - 9994 21,President,,DEM,Kamala Harris,24,0,,24,
Mendocino,BEAR HARB OR - 9994 21,President,,,Overvotes,0,0,,0,
Mendocino,BEAR HARB OR - 9994 21,President,,AIP,Robert F. Kennedy Jr.,0,0,,0,
Mendocino,BEAR HARB OR - 9994 21,President,,,Undervotes,3,0,,3,
Mendocino,BEAR HARB OR - 9994 21,President,,,Write-ins,0,0,,0,
Mendocino,BEAR WALL OW - 5000 05,President,,LIB,Chase Oliver,3,0,,3,
Mendocino,BEAR WALL OW - 5000 05,President,,PFP,Claudia De la Cruz,7,2,,5,
Mendocino,BEAR WALL OW - 5000 05,President,,REP,Donald Trump,186,37,,149,
Mendocino,BEAR WALL OW - 5000 05,President,,GRN,Jill Stein,13,3,,10,
Mendocino,BEAR WALL OW - 5000 05,President,,DEM,Kamala Harris,544,76,,468,
Mendocino,BEAR WALL OW - 5000 05,President,,,Overvotes,1,0,,1,
Mendocino,BEAR WALL OW - 5000 05,President,,AIP,Robert F. Kennedy Jr.,16,2,,14,
Mendocino,BEAR WALL OW - 5000 05,President,,,Undervotes,7,2,,5,
Mendocino,BEAR WALL OW - 5000 05,President,,,Write-ins,0,0,,0,
Mendocino,BELL SPRIN GS - 999436,President,,LIB,Chase Oliver,0,0,,0,
Mendocino,BELL SPRIN GS - 999436,President,,PFP,Claudia De la Cruz,0,0,,0,
Mendocino,BELL SPRIN GS - 999436,President,,REP,Donald Trump,20,1,,19,
Mendocino,BELL SPRIN GS - 999436,President,,GRN,Jill Stein,4,0,,4,
Mendocino,BELL SPRIN GS - 999436,President,,DEM,Kamala Harris,94,4,,90,
Mendocino,BELL SPRIN GS - 999436,President,,,Overvotes,0,0,,0,
Mendocino,BELL SPRIN GS - 999436,President,,AIP,Robert F. Kennedy Jr.,0,0,,0,
Mendocino,BELL SPRIN GS - 999436,President,,,Undervotes,3,0,,3,
Mendocino,BELL SPRIN GS - 999436,President,,,Write-ins,0,0,,0,
Mendocino,BELTRAMI - 999231,President,,LIB,Chase Oliver,0,0,,0,
Mendocino,BELTRAMI - 999231,President,,PFP,Claudia De la Cruz,0,0,,0,
Mendocino,BELTRAMI - 999231,President,,REP,Donald Trump,2,0,,2,
Mendocino,BELTRAMI - 999231,President,,GRN,Jill Stein,0,0,,0,
Mendocino,BELTRAMI - 999231,President,,DEM,Kamala Harris,0,0,,0,
Mendocino,BELTRAMI - 999231,President,,,Overvotes,0,0,,0,
Mendocino,BELTRAMI - 999231,President,,AIP,Robert F. Kennedy Jr.,0,0,,0,
Mendocino,BELTRAMI - 999231,President,,,Undervotes,0,0,,0,
Mendocino,BELTRAMI - 999231,President,,,Write-ins,0,0,,0,
Mendocino,BERRY CREE K - 300004,President,,LIB,Chase Oliver,3,1,,2,
Mendocino,BERRY CREE K - 300004,President,,PFP,Claudia De la Cruz,1,0,,1,
Mendocino,BERRY CREE K - 300004,President,,REP,Donald Trump,258,27,,231,
Mendocino,BERRY CREE K - 300004,President,,GRN,Jill Stein,2,0,,2,
Mendocino,BERRY CREE K - 300004,President,,DEM,Kamala Harris,250,21,,229,
Mendocino,BERRY CREE K - 300004,President,,,Overvotes,0,0,,0,
Mendocino,BERRY CREE K - 300004,President,,AIP,Robert F. Kennedy Jr.,10,0,,10,
Mendocino,BERRY CREE K - 300004,President,,,Undervotes,6,0,,6,
Mendocino,BERRY CREE K - 300004,President,,,Write-ins,0,0,,0,
Mendocino,BLUE JAY - 999438,President,,LIB,Chase Oliver,0,0,,0,
Mendocino,BLUE JAY - 999438,President,,PFP,Claudia De la Cruz,0,0,,0,
Mendocino,BLUE JAY - 999438,President,,REP,Donald Trump,20,2,,18,
Mendocino,BLUE JAY - 999438,President,,GRN,Jill Stein,1,0,,1,
Mendocino,BLUE JAY - 999438,President,,DEM,Kamala Harris,28,0,,28,
Mendocino,BLUE JAY - 999438,President,,,Overvotes,0,0,,0,
Mendocino,BLUE JAY - 999438,President,,AIP,Robert F. Kennedy Jr.,3,0,,3,
Mendocino,BLUE JAY - 999438,President,,,Undervotes,0,0,,0,
Mendocino,BLUE JAY - 999438,President,,,Write-ins,0,0,,0,
Mendocino,BOICE - 999 415,President,,LIB,Chase Oliver,4,0,,4,
Mendocino,BOICE - 999 415,President,,PFP,Claudia De la Cruz,2,0,,2,
Mendocino,BOICE - 999 415,President,,REP,Donald Trump,178,10,,168,
Mendocino,BOICE - 999 415,President,,GRN,Jill Stein,7,1,,6,
Mendocino,BOICE - 999 415,President,,DEM,Kamala Harris,391,14,,377,
Mendocino,BOICE - 999 415,President,,,Overvotes,0,0,,0,
Mendocino,BOICE - 999 415,President,,AIP,Robert F. Kennedy Jr.,9,1,,8,
Mendocino,BOICE - 999 415,President,,,Undervotes,9,0,,9,
Mendocino,BOICE - 999 415,President,,,Write-ins,0,0,,0,
Mendocino,BRIDGEPORT - 999525,President,,LIB,Chase Oliver,0,0,,0,
Mendocino,BRIDGEPORT - 999525,President,,PFP,Claudia De la Cruz,0,0,,0,
Mendocino,BRIDGEPORT - 999525,President,,REP,Donald Trump,4,0,,4,
Mendocino,BRIDGEPORT - 999525,President,,GRN,Jill Stein,0,0,,0,
Mendocino,BRIDGEPORT - 999525,President,,DEM,Kamala Harris,14,1,,13,
Mendocino,BRIDGEPORT - 999525,President,,,Overvotes,1,1,,0,
Mendocino,BRIDGEPORT - 999525,President,,AIP,Robert F. Kennedy Jr.,1,0,,1,
Mendocino,BRIDGEPORT - 999525,President,,,Undervotes,1,0,,1,
Mendocino,BRIDGEPORT - 999525,President,,,Write-ins,0,0,,0,
Mendocino,BUCKEYE - 300002,President,,LIB,Chase Oliver,2,0,,2,
Mendocino,BUCKEYE - 300002,President,,PFP,Claudia De la Cruz,3,1,,2,
Mendocino,BUCKEYE - 300002,President,,REP,Donald Trump,295,48,,247,
Mendocino,BUCKEYE - 300002,President,,GRN,Jill Stein,4,1,,3,
Mendocino,BUCKEYE - 300002,President,,DEM,Kamala Harris,391,26,,365,
Mendocino,BUCKEYE - 300002,President,,,Overvotes,0,0,,0,
Mendocino,BUCKEYE - 300002,President,,AIP,Robert F. Kennedy Jr.,23,3,,20,
Mendocino,BUCKEYE - 300002,President,,,Undervotes,9,2,,7,
Mendocino,BUCKEYE - 300002,President,,,Write-ins,0,0,,0,
Mendocino,BURBECK C REEK - 999 319,President,,LIB,Chase Oliver,0,0,,0,
Mendocino,BURBECK C REEK - 999 319,President,,PFP,Claudia De la Cruz,0,0,,0,
Mendocino,BURBECK C REEK - 999 319,President,,REP,Donald Trump,2,0,,2,
Mendocino,BURBECK C REEK - 999 319,President,,GRN,Jill Stein,0,0,,0,
Mendocino,BURBECK C REEK - 999 319,President,,DEM,Kamala Harris,4,0,,4,
Mendocino,BURBECK C REEK - 999 319,President,,,Overvotes,0,0,,0,
Mendocino,BURBECK C REEK - 999 319,President,,AIP,Robert F. Kennedy Jr.,0,0,,0,
Mendocino,BURBECK C REEK - 999 319,President,,,Undervotes,0,0,,0,
Mendocino,BURBECK C REEK - 999 319,President,,,Write-ins,0,0,,0,
Mendocino,BURKE HILL - 999542,President,,LIB,Chase Oliver,1,0,,1,
Mendocino,BURKE HILL - 999542,President,,PFP,Claudia De la Cruz,0,0,,0,
Mendocino,BURKE HILL - 999542,President,,REP,Donald Trump,60,4,,56,
Mendocino,BURKE HILL - 999542,President,,GRN,Jill Stein,0,0,,0,
Mendocino,BURKE HILL - 999542,President,,DEM,Kamala Harris,36,0,,36,
Mendocino,BURKE HILL - 999542,President,,,Overvotes,0,0,,0,
Mendocino,BURKE HILL - 999542,President,,AIP,Robert F. Kennedy Jr.,2,0,,2,
Mendocino,BURKE HILL - 999542,President,,,Undervotes,2,0,,2,
Mendocino,BURKE HILL - 999542,President,,,Write-ins,0,0,,0,
Mendocino,CALPELLA - 999111,President,,LIB,Chase Oliver,0,0,,0,
Mendocino,CALPELLA - 999111,President,,PFP,Claudia De la Cruz,0,0,,0,
Mendocino,CALPELLA - 999111,President,,REP,Donald Trump,50,2,,48,
Mendocino,CALPELLA - 999111,President,,GRN,Jill Stein,1,0,,1,
Mendocino,CALPELLA - 999111,President,,DEM,Kamala Harris,73,2,,71,
Mendocino,CALPELLA - 999111,President,,,Overvotes,0,0,,0,
Mendocino,CALPELLA - 999111,President,,AIP,Robert F. Kennedy Jr.,0,0,,0,
Mendocino,CALPELLA - 999111,President,,,Undervotes,1,0,,1,
Mendocino,CALPELLA - 999111,President,,,Write-ins,0,0,,0,
Mendocino,CANYON VI EW - 9994 25,President,,LIB,Chase Oliver,0,0,,0,
Mendocino,CANYON VI EW - 9994 25,President,,PFP,Claudia De la Cruz,2,0,,2,
Mendocino,CANYON VI EW - 9994 25,President,,REP,Donald Trump,40,2,,38,
Mendocino,CANYON VI EW - 9994 25,President,,GRN,Jill Stein,1,0,,1,
Mendocino,CANYON VI EW - 9994 25,President,,DEM,Kamala Harris,77,2,,75,
Mendocino,CANYON VI EW - 9994 25,President,,,Overvotes,0,0,,0,
Mendocino,CANYON VI EW - 9994 25,President,,AIP,Robert F. Kennedy Jr.,3,0,,3,
Mendocino,CANYON VI EW - 9994 25,President,,,Undervotes,0,0,,0,
Mendocino,CANYON VI EW - 9994 25,President,,,Write-ins,0,0,,0,
Mendocino,CAVE CREEK - 999311,President,,LIB,Chase Oliver,0,0,,0,
Mendocino,CAVE CREEK - 999311,President,,PFP,Claudia De la Cruz,0,0,,0,
Mendocino,CAVE CREEK - 999311,President,,REP,Donald Trump,8,1,,7,
Mendocino,CAVE CREEK - 999311,President,,GRN,Jill Stein,0,0,,0,
Mendocino,CAVE CREEK - 999311,President,,DEM,Kamala Harris,13,1,,12,
Mendocino,CAVE CREEK - 999311,President,,,Overvotes,0,0,,0,
Mendocino,CAVE CREEK - 999311,President,,AIP,Robert F. Kennedy Jr.,0,0,,0,
Mendocino,CAVE CREEK - 999311,President,,,Undervotes,0,0,,0,
Mendocino,CAVE CREEK - 999311,President,,,Write-ins,0,0,,0,
Mendocino,CENTER VA LLEY - 300 005,President,,LIB,Chase Oliver,0,0,,0,
Mendocino,CENTER VA LLEY - 300 005,President,,PFP,Claudia De la Cruz,4,0,,4,
Mendocino,CENTER VA LLEY - 300 005,President,,REP,Donald Trump,196,29,,167,
Mendocino,CENTER VA LLEY - 300 005,President,,GRN,Jill Stein,2,0,,2,
Mendocino,CENTER VA LLEY - 300 005,President,,DEM,Kamala Harris,262,13,,249,
Mendocino,CENTER VA LLEY - 300 005,President,,,Overvotes,1,1,,0,
Mendocino,CENTER VA LLEY - 300 005,President,,AIP,Robert F. Kennedy Jr.,17,0,,17,
Mendocino,CENTER VA LLEY - 300 005,President,,,Undervotes,8,0,,8,
Mendocino,CENTER VA LLEY - 300 005,President,,,Write-ins,0,0,,0,
Mendocino,CENTRAL A VENUE - 99 9112,President,,LIB,Chase Oliver,0,0,,0,
Mendocino,CENTRAL A VENUE - 99 9112,President,,PFP,Claudia De la Cruz,0,0,,0,
Mendocino,CENTRAL A VENUE - 99 9112,President,,REP,Donald Trump,64,4,,60,
Mendocino,CENTRAL A VENUE - 99 9112,President,,GRN,Jill Stein,0,0,,0,
Mendocino,CENTRAL A VENUE - 99 9112,President,,DEM,Kamala Harris,41,3,,38,
Mendocino,CENTRAL A VENUE - 99 9112,President,,,Overvotes,0,0,,0,
Mendocino,CENTRAL A VENUE - 99 9112,President,,AIP,Robert F. Kennedy Jr.,3,0,,3,
Mendocino,CENTRAL A VENUE - 99 9112,President,,,Undervotes,1,0,,1,
Mendocino,CENTRAL A VENUE - 99 9112,President,,,Write-ins,0,0,,0,
Mendocino,CHERRY - 9 99208,President,,LIB,Chase Oliver,4,0,,4,
Mendocino,CHERRY - 9 99208,President,,PFP,Claudia De la Cruz,2,0,,2,
Mendocino,CHERRY - 9 99208,President,,REP,Donald Trump,156,20,,136,
Mendocino,CHERRY - 9 99208,President,,GRN,Jill Stein,2,0,,2,
Mendocino,CHERRY - 9 99208,President,,DEM,Kamala Harris,246,15,,231,
Mendocino,CHERRY - 9 99208,President,,,Overvotes,0,0,,0,
Mendocino,CHERRY - 9 99208,President,,AIP,Robert F. Kennedy Jr.,11,2,,9,
Mendocino,CHERRY - 9 99208,President,,,Undervotes,3,0,,3,
Mendocino,CHERRY - 9 99208,President,,,Write-ins,0,0,,0,
Mendocino,CHESTNUT - 400004,President,,LIB,Chase Oliver,3,0,,3,
Mendocino,CHESTNUT - 400004,President,,PFP,Claudia De la Cruz,5,0,,5,
Mendocino,CHESTNUT - 400004,President,,REP,Donald Trump,219,16,,203,
Mendocino,CHESTNUT - 400004,President,,GRN,Jill Stein,5,0,,5,
Mendocino,CHESTNUT - 400004,President,,DEM,Kamala Harris,488,23,,465,
Mendocino,CHESTNUT - 400004,President,,,Overvotes,3,1,,2,
Mendocino,CHESTNUT - 400004,President,,AIP,Robert F. Kennedy Jr.,10,0,,10,
Mendocino,CHESTNUT - 400004,President,,,Undervotes,10,0,,10,
Mendocino,CHESTNUT - 400004,President,,,Write-ins,0,0,,0,
Mendocino,CLEONE - 4 00001,President,,LIB,Chase Oliver,0,0,,0,
Mendocino,CLEONE - 4 00001,President,,PFP,Claudia De la Cruz,4,0,,4,
Mendocino,CLEONE - 4 00001,President,,REP,Donald Trump,198,12,,186,
Mendocino,CLEONE - 4 00001,President,,GRN,Jill Stein,3,0,,3,
Mendocino,CLEONE - 4 00001,President,,DEM,Kamala Harris,434,26,,408,
Mendocino,CLEONE - 4 00001,President,,,Overvotes,0,0,,0,
Mendocino,CLEONE - 4 00001,President,,AIP,Robert F. Kennedy Jr.,16,1,,15,
Mendocino,CLEONE - 4 00001,President,,,Undervotes,12,1,,11,
Mendocino,CLEONE - 4 00001,President,,,Write-ins,0,0,,0,
Mendocino,CLOVER - 3 00001,President,,LIB,Chase Oliver,0,0,,0,
Mendocino,CLOVER - 3 00001,President,,PFP,Claudia De la Cruz,1,0,,1,
Mendocino,CLOVER - 3 00001,President,,REP,Donald Trump,292,66,,226,
Mendocino,CLOVER - 3 00001,President,,GRN,Jill Stein,9,1,,8,
Mendocino,CLOVER - 3 00001,President,,DEM,Kamala Harris,357,68,,289,
Mendocino,CLOVER - 3 00001,President,,,Overvotes,0,0,,0,
Mendocino,CLOVER - 3 00001,President,,AIP,Robert F. Kennedy Jr.,14,1,,13,
Mendocino,CLOVER - 3 00001,President,,,Undervotes,14,2,,12,
Mendocino,CLOVER - 3 00001,President,,,Write-ins,0,0,,0,
Mendocino,COMPANY RANCH - 9 99409,President,,LIB,Chase Oliver,1,0,,1,
Mendocino,COMPANY RANCH - 9 99409,President,,PFP,Claudia De la Cruz,1,0,,1,
Mendocino,COMPANY RANCH - 9 99409,President,,REP,Donald Trump,121,7,,114,
Mendocino,COMPANY RANCH - 9 99409,President,,GRN,Jill Stein,3,0,,3,
Mendocino,COMPANY RANCH - 9 99409,President,,DEM,Kamala Harris,297,5,,292,
Mendocino,COMPANY RANCH - 9 99409,President,,,Overvotes,0,0,,0,
Mendocino,COMPANY RANCH - 9 99409,President,,AIP,Robert F. Kennedy Jr.,5,0,,5,
Mendocino,COMPANY RANCH - 9 99409,President,,,Undervotes,4,0,,4,
Mendocino,COMPANY RANCH - 9 99409,President,,,Write-ins,0,0,,0,
Mendocino,COMPTCHE - 500003,President,,LIB,Chase Oliver,1,0,,1,
Mendocino,COMPTCHE - 500003,President,,PFP,Claudia De la Cruz,2,0,,2,
Mendocino,COMPTCHE - 500003,President,,REP,Donald Trump,69,13,,56,
Mendocino,COMPTCHE - 500003,President,,GRN,Jill Stein,10,0,,10,
Mendocino,COMPTCHE - 500003,President,,DEM,Kamala Harris,170,12,,158,
Mendocino,COMPTCHE - 500003,President,,,Overvotes,0,0,,0,
Mendocino,COMPTCHE - 500003,President,,AIP,Robert F. Kennedy Jr.,13,1,,12,
Mendocino,COMPTCHE - 500003,President,,,Undervotes,4,0,,4,
Mendocino,COMPTCHE - 500003,President,,,Write-ins,0,0,,0,
Mendocino,CONRAD - 9 99517,President,,LIB,Chase Oliver,0,0,,0,
Mendocino,CONRAD - 9 99517,President,,PFP,Claudia De la Cruz,0,0,,0,
Mendocino,CONRAD - 9 99517,President,,REP,Donald Trump,0,0,,0,
Mendocino,CONRAD - 9 99517,President,,GRN,Jill Stein,0,0,,0,
Mendocino,CONRAD - 9 99517,President,,DEM,Kamala Harris,6,0,,6,
Mendocino,CONRAD - 9 99517,President,,,Overvotes,0,0,,0,
Mendocino,CONRAD - 9 99517,President,,AIP,Robert F. Kennedy Jr.,0,0,,0,
Mendocino,CONRAD - 9 99517,President,,,Undervotes,0,0,,0,
Mendocino,CONRAD - 9 99517,President,,,Write-ins,0,0,,0,
Mendocino,COVELO - 9 99306,President,,LIB,Chase Oliver,0,0,,0,
Mendocino,COVELO - 9 99306,President,,PFP,Claudia De la Cruz,0,0,,0,
Mendocino,COVELO - 9 99306,President,,REP,Donald Trump,20,1,,19,
Mendocino,COVELO - 9 99306,President,,GRN,Jill Stein,3,0,,3,
Mendocino,COVELO - 9 99306,President,,DEM,Kamala Harris,52,0,,52,
Mendocino,COVELO - 9 99306,President,,,Overvotes,0,0,,0,
Mendocino,COVELO - 9 99306,President,,AIP,Robert F. Kennedy Jr.,3,0,,3,
Mendocino,COVELO - 9 99306,President,,,Undervotes,0,0,,0,
Mendocino,COVELO - 9 99306,President,,,Write-ins,0,0,,0,
Mendocino,COW MOUN TAIN - 99 9133,President,,LIB,Chase Oliver,0,0,,0,
Mendocino,COW MOUN TAIN - 99 9133,President,,PFP,Claudia De la Cruz,0,0,,0,
Mendocino,COW MOUN TAIN - 99 9133,President,,REP,Donald Trump,2,0,,2,
Mendocino,COW MOUN TAIN - 99 9133,President,,GRN,Jill Stein,0,0,,0,
Mendocino,COW MOUN TAIN - 99 9133,President,,DEM,Kamala Harris,1,0,,1,
Mendocino,COW MOUN TAIN - 99 9133,President,,,Overvotes,0,0,,0,
Mendocino,COW MOUN TAIN - 99 9133,President,,AIP,Robert F. Kennedy Jr.,0,0,,0,
Mendocino,COW MOUN TAIN - 99 9133,President,,,Undervotes,0,0,,0,
Mendocino,COW MOUN TAIN - 99 9133,President,,,Write-ins,0,0,,0,
Mendocino,COYOTE VA LLEY - 999 127,President,,LIB,Chase Oliver,0,0,,0,
Mendocino,COYOTE VA LLEY - 999 127,President,,PFP,Claudia De la Cruz,0,0,,0,
Mendocino,COYOTE VA LLEY - 999 127,President,,REP,Donald Trump,3,0,,3,
Mendocino,COYOTE VA LLEY - 999 127,President,,GRN,Jill Stein,0,0,,0,
Mendocino,COYOTE VA LLEY - 999 127,President,,DEM,Kamala Harris,0,0,,0,
Mendocino,COYOTE VA LLEY - 999 127,President,,,Overvotes,0,0,,0,
Mendocino,COYOTE VA LLEY - 999 127,President,,AIP,Robert F. Kennedy Jr.,0,0,,0,
Mendocino,COYOTE VA LLEY - 999 127,President,,,Undervotes,0,0,,0,
Mendocino,COYOTE VA LLEY - 999 127,President,,,Write-ins,0,0,,0,
Mendocino,CREEKSIDE - 999413,President,,LIB,Chase Oliver,0,0,,0,
Mendocino,CREEKSIDE - 999413,President,,PFP,Claudia De la Cruz,0,0,,0,
Mendocino,CREEKSIDE - 999413,President,,REP,Donald Trump,9,0,,9,
Mendocino,CREEKSIDE - 999413,President,,GRN,Jill Stein,0,0,,0,
Mendocino,CREEKSIDE - 999413,President,,DEM,Kamala Harris,1,0,,1,
Mendocino,CREEKSIDE - 999413,President,,,Overvotes,0,0,,0,
Mendocino,CREEKSIDE - 999413,President,,AIP,Robert F. Kennedy Jr.,0,0,,0,
Mendocino,CREEKSIDE - 999413,President,,,Undervotes,0,0,,0,
Mendocino,CREEKSIDE - 999413,President,,,Write-ins,0,0,,0,
Mendocino,CRESTA - 99 9205,President,,LIB,Chase Oliver,2,0,,2,
Mendocino,CRESTA - 99 9205,President,,PFP,Claudia De la Cruz,0,0,,0,
Mendocino,CRESTA - 99 9205,President,,REP,Donald Trump,145,9,,136,
Mendocino,CRESTA - 99 9205,President,,GRN,Jill Stein,1,0,,1,
Mendocino,CRESTA - 99 9205,President,,DEM,Kamala Harris,163,3,,160,
Mendocino,CRESTA - 99 9205,President,,,Overvotes,0,0,,0,
Mendocino,CRESTA - 99 9205,President,,AIP,Robert F. Kennedy Jr.,3,0,,3,
Mendocino,CRESTA - 99 9205,President,,,Undervotes,2,0,,2,
Mendocino,CRESTA - 99 9205,President,,,Write-ins,0,0,,0,
Mendocino,CRISPIN - 9 99510,President,,LIB,Chase Oliver,2,0,,2,
Mendocino,CRISPIN - 9 99510,President,,PFP,Claudia De la Cruz,1,0,,1,
Mendocino,CRISPIN - 9 99510,President,,REP,Donald Trump,73,4,,69,
Mendocino,CRISPIN - 9 99510,President,,GRN,Jill Stein,4,1,,3,
Mendocino,CRISPIN - 9 99510,President,,DEM,Kamala Harris,192,7,,185,
Mendocino,CRISPIN - 9 99510,President,,,Overvotes,0,0,,0,
Mendocino,CRISPIN - 9 99510,President,,AIP,Robert F. Kennedy Jr.,2,0,,2,
Mendocino,CRISPIN - 9 99510,President,,,Undervotes,1,0,,1,
Mendocino,CRISPIN - 9 99510,President,,,Write-ins,0,0,,0,
Mendocino,CUFFEYS CO VE - 9995 05,President,,LIB,Chase Oliver,2,0,,2,
Mendocino,CUFFEYS CO VE - 9995 05,President,,PFP,Claudia De la Cruz,0,0,,0,
Mendocino,CUFFEYS CO VE - 9995 05,President,,REP,Donald Trump,40,1,,39,
Mendocino,CUFFEYS CO VE - 9995 05,President,,GRN,Jill Stein,4,0,,4,
Mendocino,CUFFEYS CO VE - 9995 05,President,,DEM,Kamala Harris,152,6,,146,
Mendocino,CUFFEYS CO VE - 9995 05,President,,,Overvotes,0,0,,0,
Mendocino,CUFFEYS CO VE - 9995 05,President,,AIP,Robert F. Kennedy Jr.,6,0,,6,
Mendocino,CUFFEYS CO VE - 9995 05,President,,,Undervotes,4,0,,4,
Mendocino,CUFFEYS CO VE - 9995 05,President,,,Write-ins,0,0,,0,
Mendocino,CYPRESS - 9 99427,President,,LIB,Chase Oliver,0,0,,0,
Mendocino,CYPRESS - 9 99427,President,,PFP,Claudia De la Cruz,1,0,,1,
Mendocino,CYPRESS - 9 99427,President,,REP,Donald Trump,74,9,,65,
Mendocino,CYPRESS - 9 99427,President,,GRN,Jill Stein,4,1,,3,
Mendocino,CYPRESS - 9 99427,President,,DEM,Kamala Harris,188,8,,180,
Mendocino,CYPRESS - 9 99427,President,,,Overvotes,2,0,,2,
Mendocino,CYPRESS - 9 99427,President,,AIP,Robert F. Kennedy Jr.,5,0,,5,
Mendocino,CYPRESS - 9 99427,President,,,Undervotes,2,0,,2,
Mendocino,CYPRESS - 9 99427,President,,,Write-ins,0,0,,0,
Mendocino,DAVIS CREE K - 999312,President,,LIB,Chase Oliver,0,0,,0,
Mendocino,DAVIS CREE K - 999312,President,,PFP,Claudia De la Cruz,1,0,,1,
Mendocino,DAVIS CREE K - 999312,President,,REP,Donald Trump,24,3,,21,
Mendocino,DAVIS CREE K - 999312,President,,GRN,Jill Stein,2,0,,2,
Mendocino,DAVIS CREE K - 999312,President,,DEM,Kamala Harris,39,0,,39,
Mendocino,DAVIS CREE K - 999312,President,,,Overvotes,0,0,,0,
Mendocino,DAVIS CREE K - 999312,President,,AIP,Robert F. Kennedy Jr.,1,0,,1,
Mendocino,DAVIS CREE K - 999312,President,,,Undervotes,2,0,,2,
Mendocino,DAVIS CREE K - 999312,President,,,Write-ins,0,0,,0,
Mendocino,DEERWOOD - 100005,President,,LIB,Chase Oliver,2,0,,2,
Mendocino,DEERWOOD - 100005,President,,PFP,Claudia De la Cruz,0,0,,0,
Mendocino,DEERWOOD - 100005,President,,REP,Donald Trump,122,6,,116,
Mendocino,DEERWOOD - 100005,President,,GRN,Jill Stein,2,0,,2,
Mendocino,DEERWOOD - 100005,President,,DEM,Kamala Harris,154,4,,150,
Mendocino,DEERWOOD - 100005,President,,,Overvotes,0,0,,0,
Mendocino,DEERWOOD - 100005,President,,AIP,Robert F. Kennedy Jr.,2,0,,2,
Mendocino,DEERWOOD - 100005,President,,,Undervotes,7,0,,7,
Mendocino,DEERWOOD - 100005,President,,,Write-ins,0,0,,0,
Mendocino,DOBIE - 999 304,President,,LIB,Chase Oliver,4,0,,4,
Mendocino,DOBIE - 999 304,President,,PFP,Claudia De la Cruz,4,0,,4,
Mendocino,DOBIE - 999 304,President,,REP,Donald Trump,186,2,,184,
Mendocino,DOBIE - 999 304,President,,GRN,Jill Stein,5,0,,5,
Mendocino,DOBIE - 999 304,President,,DEM,Kamala Harris,217,0,,217,
Mendocino,DOBIE - 999 304,President,,,Overvotes,0,0,,0,
Mendocino,DOBIE - 999 304,President,,AIP,Robert F. Kennedy Jr.,11,0,,11,
Mendocino,DOBIE - 999 304,President,,,Undervotes,4,0,,4,
Mendocino,DOBIE - 999 304,President,,,Write-ins,0,0,,0,
Mendocino,DONNER - 9 99207,President,,LIB,Chase Oliver,1,0,,1,
Mendocino,DONNER - 9 99207,President,,PFP,Claudia De la Cruz,5,0,,5,
Mendocino,DONNER - 9 99207,President,,REP,Donald Trump,88,3,,85,
Mendocino,DONNER - 9 99207,President,,GRN,Jill Stein,1,0,,1,
Mendocino,DONNER - 9 99207,President,,DEM,Kamala Harris,107,2,,105,
Mendocino,DONNER - 9 99207,President,,,Overvotes,0,0,,0,
Mendocino,DONNER - 9 99207,President,,AIP,Robert F. Kennedy Jr.,2,0,,2,
Mendocino,DONNER - 9 99207,President,,,Undervotes,3,0,,3,
Mendocino,DONNER - 9 99207,President,,,Write-ins,0,0,,0,
Mendocino,DOOLIN CA NYON - 99 9222,President,,LIB,Chase Oliver,0,0,,0,
Mendocino,DOOLIN CA NYON - 99 9222,President,,PFP,Claudia De la Cruz,0,0,,0,
Mendocino,DOOLIN CA NYON - 99 9222,President,,REP,Donald Trump,0,0,,0,
Mendocino,DOOLIN CA NYON - 99 9222,President,,GRN,Jill Stein,0,0,,0,
Mendocino,DOOLIN CA NYON - 99 9222,President,,DEM,Kamala Harris,6,0,,6,
Mendocino,DOOLIN CA NYON - 99 9222,President,,,Overvotes,0,0,,0,
Mendocino,DOOLIN CA NYON - 99 9222,President,,AIP,Robert F. Kennedy Jr.,0,0,,0,
Mendocino,DOOLIN CA NYON - 99 9222,President,,,Undervotes,0,0,,0,
Mendocino,DOOLIN CA NYON - 99 9222,President,,,Write-ins,0,0,,0,
Mendocino,DOOLIN CR EEK - 9992 23,President,,LIB,Chase Oliver,0,0,,0,
Mendocino,DOOLIN CR EEK - 9992 23,President,,PFP,Claudia De la Cruz,0,0,,0,
Mendocino,DOOLIN CR EEK - 9992 23,President,,REP,Donald Trump,0,0,,0,
Mendocino,DOOLIN CR EEK - 9992 23,President,,GRN,Jill Stein,0,0,,0,
Mendocino,DOOLIN CR EEK - 9992 23,President,,DEM,Kamala Harris,1,0,,1,
Mendocino,DOOLIN CR EEK - 9992 23,President,,,Overvotes,0,0,,0,
Mendocino,DOOLIN CR EEK - 9992 23,President,,AIP,Robert F. Kennedy Jr.,1,0,,1,
Mendocino,DOOLIN CR EEK - 9992 23,President,,,Undervotes,0,0,,0,
Mendocino,DOOLIN CR EEK - 9992 23,President,,,Write-ins,0,0,,0,
Mendocino,DUNLAP - 9 99431,President,,LIB,Chase Oliver,0,0,,0,
Mendocino,DUNLAP - 9 99431,President,,PFP,Claudia De la Cruz,0,0,,0,
Mendocino,DUNLAP - 9 99431,President,,REP,Donald Trump,4,0,,4,
Mendocino,DUNLAP - 9 99431,President,,GRN,Jill Stein,0,0,,0,
Mendocino,DUNLAP - 9 99431,President,,DEM,Kamala Harris,2,0,,2,
Mendocino,DUNLAP - 9 99431,President,,,Overvotes,0,0,,0,
Mendocino,DUNLAP - 9 99431,President,,AIP,Robert F. Kennedy Jr.,0,0,,0,
Mendocino,DUNLAP - 9 99431,President,,,Undervotes,0,0,,0,
Mendocino,DUNLAP - 9 99431,President,,,Write-ins,0,0,,0,
Mendocino,DURABLE M ILL - 9991 25,President,,LIB,Chase Oliver,0,0,,0,
Mendocino,DURABLE M ILL - 9991 25,President,,PFP,Claudia De la Cruz,0,0,,0,
Mendocino,DURABLE M ILL - 9991 25,President,,REP,Donald Trump,16,0,,16,
Mendocino,DURABLE M ILL - 9991 25,President,,GRN,Jill Stein,0,0,,0,
Mendocino,DURABLE M ILL - 9991 25,President,,DEM,Kamala Harris,10,0,,10,
Mendocino,DURABLE M ILL - 9991 25,President,,,Overvotes,0,0,,0,
Mendocino,DURABLE M ILL - 9991 25,President,,AIP,Robert F. Kennedy Jr.,0,0,,0,
Mendocino,DURABLE M ILL - 9991 25,President,,,Undervotes,0,0,,0,
Mendocino,DURABLE M ILL - 9991 25,President,,,Write-ins,0,0,,0,
Mendocino,EAGLE PEAK - 100004,President,,LIB,Chase Oliver,4,0,,4,
Mendocino,EAGLE PEAK - 100004,President,,PFP,Claudia De la Cruz,4,1,,3,
Mendocino,EAGLE PEAK - 100004,President,,REP,Donald Trump,327,29,,298,
Mendocino,EAGLE PEAK - 100004,President,,GRN,Jill Stein,4,0,,4,
Mendocino,EAGLE PEAK - 100004,President,,DEM,Kamala Harris,269,16,,253,
Mendocino,EAGLE PEAK - 100004,President,,,Overvotes,0,0,,0,
Mendocino,EAGLE PEAK - 100004,President,,AIP,Robert F. Kennedy Jr.,6,2,,4,
Mendocino,EAGLE PEAK - 100004,President,,,Undervotes,15,3,,12,
Mendocino,EAGLE PEAK - 100004,President,,,Write-ins,0,0,,0,
Mendocino,EAST EEL - 9 99301,President,,LIB,Chase Oliver,0,0,,0,
Mendocino,EAST EEL - 9 99301,President,,PFP,Claudia De la Cruz,0,0,,0,
Mendocino,EAST EEL - 9 99301,President,,REP,Donald Trump,5,0,,5,
Mendocino,EAST EEL - 9 99301,President,,GRN,Jill Stein,0,0,,0,
Mendocino,EAST EEL - 9 99301,President,,DEM,Kamala Harris,15,1,,14,
Mendocino,EAST EEL - 9 99301,President,,,Overvotes,0,0,,0,
Mendocino,EAST EEL - 9 99301,President,,AIP,Robert F. Kennedy Jr.,0,0,,0,
Mendocino,EAST EEL - 9 99301,President,,,Undervotes,0,0,,0,
Mendocino,EAST EEL - 9 99301,President,,,Write-ins,0,0,,0,
Mendocino,EAST FORK - 999123,President,,LIB,Chase Oliver,0,0,,0,
Mendocino,EAST FORK - 999123,President,,PFP,Claudia De la Cruz,0,0,,0,
Mendocino,EAST FORK - 999123,President,,REP,Donald Trump,12,2,,10,
Mendocino,EAST FORK - 999123,President,,GRN,Jill Stein,0,0,,0,
Mendocino,EAST FORK - 999123,President,,DEM,Kamala Harris,2,0,,2,
Mendocino,EAST FORK - 999123,President,,,Overvotes,0,0,,0,
Mendocino,EAST FORK - 999123,President,,AIP,Robert F. Kennedy Jr.,1,0,,1,
Mendocino,EAST FORK - 999123,President,,,Undervotes,0,0,,0,
Mendocino,EAST FORK - 999123,President,,,Write-ins,0,0,,0,
Mendocino,EAST FORSY THE - 999 559,President,,LIB,Chase Oliver,0,0,,0,
Mendocino,EAST FORSY THE - 999 559,President,,PFP,Claudia De la Cruz,0,0,,0,
Mendocino,EAST FORSY THE - 999 559,President,,REP,Donald Trump,13,0,,13,
Mendocino,EAST FORSY THE - 999 559,President,,GRN,Jill Stein,0,0,,0,
Mendocino,EAST FORSY THE - 999 559,President,,DEM,Kamala Harris,7,1,,6,
Mendocino,EAST FORSY THE - 999 559,President,,,Overvotes,0,0,,0,
Mendocino,EAST FORSY THE - 999 559,President,,AIP,Robert F. Kennedy Jr.,0,0,,0,
Mendocino,EAST FORSY THE - 999 559,President,,,Undervotes,0,0,,0,
Mendocino,EAST FORSY THE - 999 559,President,,,Write-ins,0,0,,0,
Mendocino,EAST SANEL - 999121,President,,LIB,Chase Oliver,1,0,,1,
Mendocino,EAST SANEL - 999121,President,,PFP,Claudia De la Cruz,0,0,,0,
Mendocino,EAST SANEL - 999121,President,,REP,Donald Trump,41,3,,38,
Mendocino,EAST SANEL - 999121,President,,GRN,Jill Stein,0,0,,0,
Mendocino,EAST SANEL - 999121,President,,DEM,Kamala Harris,91,10,,81,
Mendocino,EAST SANEL - 999121,President,,,Overvotes,0,0,,0,
Mendocino,EAST SANEL - 999121,President,,AIP,Robert F. Kennedy Jr.,3,0,,3,
Mendocino,EAST SANEL - 999121,President,,,Undervotes,4,0,,4,
Mendocino,EAST SANEL - 999121,President,,,Write-ins,0,0,,0,
Mendocino,EDWARDS C REEK - 99 9527,President,,LIB,Chase Oliver,0,0,,0,
Mendocino,EDWARDS C REEK - 99 9527,President,,PFP,Claudia De la Cruz,0,0,,0,
Mendocino,EDWARDS C REEK - 99 9527,President,,REP,Donald Trump,5,0,,5,
Mendocino,EDWARDS C REEK - 99 9527,President,,GRN,Jill Stein,0,0,,0,
Mendocino,EDWARDS C REEK - 99 9527,President,,DEM,Kamala Harris,8,1,,7,
Mendocino,EDWARDS C REEK - 99 9527,President,,,Overvotes,0,0,,0,
Mendocino,EDWARDS C REEK - 99 9527,President,,AIP,Robert F. Kennedy Jr.,0,0,,0,
Mendocino,EDWARDS C REEK - 99 9527,President,,,Undervotes,0,0,,0,
Mendocino,EDWARDS C REEK - 99 9527,President,,,Write-ins,0,0,,0,
Mendocino,EL DORADO - 999116,President,,LIB,Chase Oliver,2,0,,2,
Mendocino,EL DORADO - 999116,President,,PFP,Claudia De la Cruz,0,0,,0,
Mendocino,EL DORADO - 999116,President,,REP,Donald Trump,70,0,,70,
Mendocino,EL DORADO - 999116,President,,GRN,Jill Stein,1,0,,1,
Mendocino,EL DORADO - 999116,President,,DEM,Kamala Harris,88,3,,85,
Mendocino,EL DORADO - 999116,President,,,Overvotes,0,0,,0,
Mendocino,EL DORADO - 999116,President,,AIP,Robert F. Kennedy Jr.,6,0,,6,
Mendocino,EL DORADO - 999116,President,,,Undervotes,3,0,,3,
Mendocino,EL DORADO - 999116,President,,,Write-ins,0,0,,0,
Mendocino,EL RIO - 999 215,President,,LIB,Chase Oliver,1,0,,1,
Mendocino,EL RIO - 999 215,President,,PFP,Claudia De la Cruz,0,0,,0,
Mendocino,EL RIO - 999 215,President,,REP,Donald Trump,62,1,,61,
Mendocino,EL RIO - 999 215,President,,GRN,Jill Stein,0,0,,0,
Mendocino,EL RIO - 999 215,President,,DEM,Kamala Harris,92,8,,84,
Mendocino,EL RIO - 999 215,President,,,Overvotes,0,0,,0,
Mendocino,EL RIO - 999 215,President,,AIP,Robert F. Kennedy Jr.,2,0,,2,
Mendocino,EL RIO - 999 215,President,,,Undervotes,1,0,,1,
Mendocino,EL RIO - 999 215,President,,,Write-ins,0,0,,0,
Mendocino,ELDRIDGE C REEK - 999 522,President,,LIB,Chase Oliver,0,0,,0,
Mendocino,ELDRIDGE C REEK - 999 522,President,,PFP,Claudia De la Cruz,0,0,,0,
Mendocino,ELDRIDGE C REEK - 999 522,President,,REP,Donald Trump,25,0,,25,
Mendocino,ELDRIDGE C REEK - 999 522,President,,GRN,Jill Stein,10,0,,10,
Mendocino,ELDRIDGE C REEK - 999 522,President,,DEM,Kamala Harris,92,2,,90,
Mendocino,ELDRIDGE C REEK - 999 522,President,,,Overvotes,0,0,,0,
Mendocino,ELDRIDGE C REEK - 999 522,President,,AIP,Robert F. Kennedy Jr.,1,0,,1,
Mendocino,ELDRIDGE C REEK - 999 522,President,,,Undervotes,3,0,,3,
Mendocino,ELDRIDGE C REEK - 999 522,President,,,Write-ins,0,0,,0,
Mendocino,ELK - 99950 6,President,,LIB,Chase Oliver,0,0,,0,
Mendocino,ELK - 99950 6,President,,PFP,Claudia De la Cruz,0,0,,0,
Mendocino,ELK - 99950 6,President,,REP,Donald Trump,5,1,,4,
Mendocino,ELK - 99950 6,President,,GRN,Jill Stein,0,0,,0,
Mendocino,ELK - 99950 6,President,,DEM,Kamala Harris,40,1,,39,
Mendocino,ELK - 99950 6,President,,,Overvotes,0,0,,0,
Mendocino,ELK - 99950 6,President,,AIP,Robert F. Kennedy Jr.,3,0,,3,
Mendocino,ELK - 99950 6,President,,,Undervotes,0,0,,0,
Mendocino,ELK - 99950 6,President,,,Write-ins,0,0,,0,
Mendocino,ELK HORN R IDGE - 99 9410,President,,LIB,Chase Oliver,0,0,,0,
Mendocino,ELK HORN R IDGE - 99 9410,President,,PFP,Claudia De la Cruz,0,0,,0,
Mendocino,ELK HORN R IDGE - 99 9410,President,,REP,Donald Trump,1,0,,1,
Mendocino,ELK HORN R IDGE - 99 9410,President,,GRN,Jill Stein,0,0,,0,
Mendocino,ELK HORN R IDGE - 99 9410,President,,DEM,Kamala Harris,3,0,,3,
Mendocino,ELK HORN R IDGE - 99 9410,President,,,Overvotes,0,0,,0,
Mendocino,ELK HORN R IDGE - 99 9410,President,,AIP,Robert F. Kennedy Jr.,0,0,,0,
Mendocino,ELK HORN R IDGE - 99 9410,President,,,Undervotes,0,0,,0,
Mendocino,ELK HORN R IDGE - 99 9410,President,,,Write-ins,0,0,,0,
Mendocino,EUREKA HIL L - 500006,President,,LIB,Chase Oliver,0,0,,0,
Mendocino,EUREKA HIL L - 500006,President,,PFP,Claudia De la Cruz,1,0,,1,
Mendocino,EUREKA HIL L - 500006,President,,REP,Donald Trump,78,2,,76,
Mendocino,EUREKA HIL L - 500006,President,,GRN,Jill Stein,7,0,,7,
Mendocino,EUREKA HIL L - 500006,President,,DEM,Kamala Harris,207,12,,195,
Mendocino,EUREKA HIL L - 500006,President,,,Overvotes,0,0,,0,
Mendocino,EUREKA HIL L - 500006,President,,AIP,Robert F. Kennedy Jr.,6,0,,6,
Mendocino,EUREKA HIL L - 500006,President,,,Undervotes,2,0,,2,
Mendocino,EUREKA HIL L - 500006,President,,,Write-ins,0,0,,0,
Mendocino,FAIRVIEW C OURT - 99 9516,President,,LIB,Chase Oliver,10,1,,9,
Mendocino,FAIRVIEW C OURT - 99 9516,President,,PFP,Claudia De la Cruz,3,0,,3,
Mendocino,FAIRVIEW C OURT - 99 9516,President,,REP,Donald Trump,201,5,,196,
Mendocino,FAIRVIEW C OURT - 99 9516,President,,GRN,Jill Stein,3,0,,3,
Mendocino,FAIRVIEW C OURT - 99 9516,President,,DEM,Kamala Harris,238,2,,236,
Mendocino,FAIRVIEW C OURT - 99 9516,President,,,Overvotes,1,0,,1,
Mendocino,FAIRVIEW C OURT - 99 9516,President,,AIP,Robert F. Kennedy Jr.,9,2,,7,
Mendocino,FAIRVIEW C OURT - 99 9516,President,,,Undervotes,6,0,,6,
Mendocino,FAIRVIEW C OURT - 99 9516,President,,,Write-ins,0,0,,0,
Mendocino,FAWNWOOD - 999132,President,,LIB,Chase Oliver,2,0,,2,
Mendocino,FAWNWOOD - 999132,President,,PFP,Claudia De la Cruz,0,0,,0,
Mendocino,FAWNWOOD - 999132,President,,REP,Donald Trump,32,2,,30,
Mendocino,FAWNWOOD - 999132,President,,GRN,Jill Stein,0,0,,0,
Mendocino,FAWNWOOD - 999132,President,,DEM,Kamala Harris,40,2,,38,
Mendocino,FAWNWOOD - 999132,President,,,Overvotes,0,0,,0,
Mendocino,FAWNWOOD - 999132,President,,AIP,Robert F. Kennedy Jr.,1,0,,1,
Mendocino,FAWNWOOD - 999132,President,,,Undervotes,2,0,,2,
Mendocino,FAWNWOOD - 999132,President,,,Write-ins,0,0,,0,
Mendocino,FERN CANY ON - 9991 15,President,,LIB,Chase Oliver,0,0,,0,
Mendocino,FERN CANY ON - 9991 15,President,,PFP,Claudia De la Cruz,1,0,,1,
Mendocino,FERN CANY ON - 9991 15,President,,REP,Donald Trump,100,5,,95,
Mendocino,FERN CANY ON - 9991 15,President,,GRN,Jill Stein,0,0,,0,
Mendocino,FERN CANY ON - 9991 15,President,,DEM,Kamala Harris,103,4,,99,
Mendocino,FERN CANY ON - 9991 15,President,,,Overvotes,0,0,,0,
Mendocino,FERN CANY ON - 9991 15,President,,AIP,Robert F. Kennedy Jr.,5,1,,4,
Mendocino,FERN CANY ON - 9991 15,President,,,Undervotes,2,0,,2,
Mendocino,FERN CANY ON - 9991 15,President,,,Write-ins,0,0,,0,
Mendocino,FIRCREST - 999528,President,,LIB,Chase Oliver,0,0,,0,
Mendocino,FIRCREST - 999528,President,,PFP,Claudia De la Cruz,0,0,,0,
Mendocino,FIRCREST - 999528,President,,REP,Donald Trump,18,0,,18,
Mendocino,FIRCREST - 999528,President,,GRN,Jill Stein,1,0,,1,
Mendocino,FIRCREST - 999528,President,,DEM,Kamala Harris,10,0,,10,
Mendocino,FIRCREST - 999528,President,,,Overvotes,0,0,,0,
Mendocino,FIRCREST - 999528,President,,AIP,Robert F. Kennedy Jr.,1,0,,1,
Mendocino,FIRCREST - 999528,President,,,Undervotes,1,0,,1,
Mendocino,FIRCREST - 999528,President,,,Write-ins,0,0,,0,
Mendocino,FIRCREST S OUTH - 99 9543,President,,LIB,Chase Oliver,0,0,,0,
Mendocino,FIRCREST S OUTH - 99 9543,President,,PFP,Claudia De la Cruz,0,0,,0,
Mendocino,FIRCREST S OUTH - 99 9543,President,,REP,Donald Trump,20,1,,19,
Mendocino,FIRCREST S OUTH - 99 9543,President,,GRN,Jill Stein,0,0,,0,
Mendocino,FIRCREST S OUTH - 99 9543,President,,DEM,Kamala Harris,25,0,,25,
Mendocino,FIRCREST S OUTH - 99 9543,President,,,Overvotes,0,0,,0,
Mendocino,FIRCREST S OUTH - 99 9543,President,,AIP,Robert F. Kennedy Jr.,1,0,,1,
Mendocino,FIRCREST S OUTH - 99 9543,President,,,Undervotes,0,0,,0,
Mendocino,FIRCREST S OUTH - 99 9543,President,,,Write-ins,0,0,,0,
Mendocino,FIRESIDE - 9 99533,President,,LIB,Chase Oliver,2,0,,2,
Mendocino,FIRESIDE - 9 99533,President,,PFP,Claudia De la Cruz,0,0,,0,
Mendocino,FIRESIDE - 9 99533,President,,REP,Donald Trump,58,2,,56,
Mendocino,FIRESIDE - 9 99533,President,,GRN,Jill Stein,0,0,,0,
Mendocino,FIRESIDE - 9 99533,President,,DEM,Kamala Harris,54,1,,53,
Mendocino,FIRESIDE - 9 99533,President,,,Overvotes,0,0,,0,
Mendocino,FIRESIDE - 9 99533,President,,AIP,Robert F. Kennedy Jr.,0,0,,0,
Mendocino,FIRESIDE - 9 99533,President,,,Undervotes,0,0,,0,
Mendocino,FIRESIDE - 9 99533,President,,,Write-ins,0,0,,0,
Mendocino,FOOTHILL - 999202,President,,LIB,Chase Oliver,0,0,,0,
Mendocino,FOOTHILL - 999202,President,,PFP,Claudia De la Cruz,1,0,,1,
Mendocino,FOOTHILL - 999202,President,,REP,Donald Trump,1,0,,1,
Mendocino,FOOTHILL - 999202,President,,GRN,Jill Stein,0,0,,0,
Mendocino,FOOTHILL - 999202,President,,DEM,Kamala Harris,4,0,,4,
Mendocino,FOOTHILL - 999202,President,,,Overvotes,0,0,,0,
Mendocino,FOOTHILL - 999202,President,,AIP,Robert F. Kennedy Jr.,0,0,,0,
Mendocino,FOOTHILL - 999202,President,,,Undervotes,0,0,,0,
Mendocino,FOOTHILL - 999202,President,,,Write-ins,0,0,,0,
Mendocino,FORKS - 100 500,President,,LIB,Chase Oliver,0,0,,0,
Mendocino,FORKS - 100 500,President,,PFP,Claudia De la Cruz,2,0,,2,
Mendocino,FORKS - 100 500,President,,REP,Donald Trump,149,15,,134,
Mendocino,FORKS - 100 500,President,,GRN,Jill Stein,0,0,,0,
Mendocino,FORKS - 100 500,President,,DEM,Kamala Harris,183,15,,168,
Mendocino,FORKS - 100 500,President,,,Overvotes,2,1,,1,
Mendocino,FORKS - 100 500,President,,AIP,Robert F. Kennedy Jr.,4,1,,3,
Mendocino,FORKS - 100 500,President,,,Undervotes,3,0,,3,
Mendocino,FORKS - 100 500,President,,,Write-ins,0,0,,0,
Mendocino,FORSYTHE CREEK - 10 0002,President,,LIB,Chase Oliver,0,0,,0,
Mendocino,FORSYTHE CREEK - 10 0002,President,,PFP,Claudia De la Cruz,0,0,,0,
Mendocino,FORSYTHE CREEK - 10 0002,President,,REP,Donald Trump,110,7,,103,
Mendocino,FORSYTHE CREEK - 10 0002,President,,GRN,Jill Stein,2,0,,2,
Mendocino,FORSYTHE CREEK - 10 0002,President,,DEM,Kamala Harris,116,1,,115,
Mendocino,FORSYTHE CREEK - 10 0002,President,,,Overvotes,0,0,,0,
Mendocino,FORSYTHE CREEK - 10 0002,President,,AIP,Robert F. Kennedy Jr.,2,0,,2,
Mendocino,FORSYTHE CREEK - 10 0002,President,,,Undervotes,3,0,,3,
Mendocino,FORSYTHE CREEK - 10 0002,President,,,Write-ins,0,0,,0,
Mendocino,FOSTER CRE EK - 99940 8,President,,LIB,Chase Oliver,0,0,,0,
Mendocino,FOSTER CRE EK - 99940 8,President,,PFP,Claudia De la Cruz,0,0,,0,
Mendocino,FOSTER CRE EK - 99940 8,President,,REP,Donald Trump,1,1,,0,
Mendocino,FOSTER CRE EK - 99940 8,President,,GRN,Jill Stein,1,0,,1,
Mendocino,FOSTER CRE EK - 99940 8,President,,DEM,Kamala Harris,3,0,,3,
Mendocino,FOSTER CRE EK - 99940 8,President,,,Overvotes,0,0,,0,
Mendocino,FOSTER CRE EK - 99940 8,President,,AIP,Robert F. Kennedy Jr.,0,0,,0,
Mendocino,FOSTER CRE EK - 99940 8,President,,,Undervotes,0,0,,0,
Mendocino,FOSTER CRE EK - 99940 8,President,,,Write-ins,0,0,,0,
Mendocino,FRANKLIN - 999423,President,,LIB,Chase Oliver,3,1,,2,
Mendocino,FRANKLIN - 999423,President,,PFP,Claudia De la Cruz,4,0,,4,
Mendocino,FRANKLIN - 999423,President,,REP,Donald Trump,151,11,,140,
Mendocino,FRANKLIN - 999423,President,,GRN,Jill Stein,11,0,,11,
Mendocino,FRANKLIN - 999423,President,,DEM,Kamala Harris,515,23,,492,
Mendocino,FRANKLIN - 999423,President,,,Overvotes,2,0,,2,
Mendocino,FRANKLIN - 999423,President,,AIP,Robert F. Kennedy Jr.,10,0,,10,
Mendocino,FRANKLIN - 999423,President,,,Undervotes,12,0,,12,
Mendocino,FRANKLIN - 999423,President,,,Write-ins,0,0,,0,
Mendocino,GRACE HUD SON - 999 557,President,,LIB,Chase Oliver,0,0,,0,
Mendocino,GRACE HUD SON - 999 557,President,,PFP,Claudia De la Cruz,0,0,,0,
Mendocino,GRACE HUD SON - 999 557,President,,REP,Donald Trump,14,2,,12,
Mendocino,GRACE HUD SON - 999 557,President,,GRN,Jill Stein,1,0,,1,
Mendocino,GRACE HUD SON - 999 557,President,,DEM,Kamala Harris,30,2,,28,
Mendocino,GRACE HUD SON - 999 557,President,,,Overvotes,0,0,,0,
Mendocino,GRACE HUD SON - 999 557,President,,AIP,Robert F. Kennedy Jr.,0,0,,0,
Mendocino,GRACE HUD SON - 999 557,President,,,Undervotes,0,0,,0,
Mendocino,GRACE HUD SON - 999 557,President,,,Write-ins,0,0,,0,
Mendocino,GRANDVIEW - 999108,President,,LIB,Chase Oliver,2,0,,2,
Mendocino,GRANDVIEW - 999108,President,,PFP,Claudia De la Cruz,3,1,,2,
Mendocino,GRANDVIEW - 999108,President,,REP,Donald Trump,224,23,,201,
Mendocino,GRANDVIEW - 999108,President,,GRN,Jill Stein,2,0,,2,
Mendocino,GRANDVIEW - 999108,President,,DEM,Kamala Harris,239,10,,229,
Mendocino,GRANDVIEW - 999108,President,,,Overvotes,1,0,,1,
Mendocino,GRANDVIEW - 999108,President,,AIP,Robert F. Kennedy Jr.,9,0,,9,
Mendocino,GRANDVIEW - 999108,President,,,Undervotes,4,1,,3,
Mendocino,GRANDVIEW - 999108,President,,,Write-ins,1,0,,1,
Mendocino,GREEN VAL LEY - 9995 15,President,,LIB,Chase Oliver,0,0,,0,
Mendocino,GREEN VAL LEY - 9995 15,President,,PFP,Claudia De la Cruz,0,0,,0,
Mendocino,GREEN VAL LEY - 9995 15,President,,REP,Donald Trump,6,0,,6,
Mendocino,GREEN VAL LEY - 9995 15,President,,GRN,Jill Stein,0,0,,0,
Mendocino,GREEN VAL LEY - 9995 15,President,,DEM,Kamala Harris,4,0,,4,
Mendocino,GREEN VAL LEY - 9995 15,President,,,Overvotes,0,0,,0,
Mendocino,GREEN VAL LEY - 9995 15,President,,AIP,Robert F. Kennedy Jr.,0,0,,0,
Mendocino,GREEN VAL LEY - 9995 15,President,,,Undervotes,0,0,,0,
Mendocino,GREEN VAL LEY - 9995 15,President,,,Write-ins,0,0,,0,
Mendocino,GREENWOOD RIDGE - 999558,President,,LIB,Chase Oliver,0,0,,0,
Mendocino,GREENWOOD RIDGE - 999558,President,,PFP,Claudia De la Cruz,0,0,,0,
Mendocino,GREENWOOD RIDGE - 999558,President,,REP,Donald Trump,1,0,,1,
Mendocino,GREENWOOD RIDGE - 999558,President,,GRN,Jill Stein,0,0,,0,
Mendocino,GREENWOOD RIDGE - 999558,President,,DEM,Kamala Harris,8,0,,8,
Mendocino,GREENWOOD RIDGE - 999558,President,,,Overvotes,0,0,,0,
Mendocino,GREENWOOD RIDGE - 999558,President,,AIP,Robert F. Kennedy Jr.,1,0,,1,
Mendocino,GREENWOOD RIDGE - 999558,President,,,Undervotes,0,0,,0,
Mendocino,GREENWOOD RIDGE - 999558,President,,,Write-ins,0,0,,0,
Mendocino,GROVE - 99 9213,President,,LIB,Chase Oliver,5,1,,4,
Mendocino,GROVE - 99 9213,President,,PFP,Claudia De la Cruz,2,0,,2,
Mendocino,GROVE - 99 9213,President,,REP,Donald Trump,95,4,,91,
Mendocino,GROVE - 99 9213,President,,GRN,Jill Stein,4,0,,4,
Mendocino,GROVE - 99 9213,President,,DEM,Kamala Harris,211,5,,206,
Mendocino,GROVE - 99 9213,President,,,Overvotes,0,0,,0,
Mendocino,GROVE - 99 9213,President,,AIP,Robert F. Kennedy Jr.,15,0,,15,
Mendocino,GROVE - 99 9213,President,,,Undervotes,7,0,,7,
Mendocino,GROVE - 99 9213,President,,,Write-ins,0,0,,0,
Mendocino,GUALALA - 500008,President,,LIB,Chase Oliver,1,0,,1,
Mendocino,GUALALA - 500008,President,,PFP,Claudia De la Cruz,1,0,,1,
Mendocino,GUALALA - 500008,President,,REP,Donald Trump,80,10,,70,
Mendocino,GUALALA - 500008,President,,GRN,Jill Stein,1,0,,1,
Mendocino,GUALALA - 500008,President,,DEM,Kamala Harris,285,12,,273,
Mendocino,GUALALA - 500008,President,,,Overvotes,1,0,,1,
Mendocino,GUALALA - 500008,President,,AIP,Robert F. Kennedy Jr.,6,0,,6,
Mendocino,GUALALA - 500008,President,,,Undervotes,5,0,,5,
Mendocino,GUALALA - 500008,President,,,Write-ins,0,0,,0,
Mendocino,HANEY - 99 9513,President,,LIB,Chase Oliver,1,0,,1,
Mendocino,HANEY - 99 9513,President,,PFP,Claudia De la Cruz,0,0,,0,
Mendocino,HANEY - 99 9513,President,,REP,Donald Trump,82,1,,81,
Mendocino,HANEY - 99 9513,President,,GRN,Jill Stein,6,0,,6,
Mendocino,HANEY - 99 9513,President,,DEM,Kamala Harris,295,5,,290,
Mendocino,HANEY - 99 9513,President,,,Overvotes,0,0,,0,
Mendocino,HANEY - 99 9513,President,,AIP,Robert F. Kennedy Jr.,5,0,,5,
Mendocino,HANEY - 99 9513,President,,,Undervotes,6,1,,5,
Mendocino,HANEY - 99 9513,President,,,Write-ins,0,0,,0,
Mendocino,HAWK - 999 313,President,,LIB,Chase Oliver,4,0,,4,
Mendocino,HAWK - 999 313,President,,PFP,Claudia De la Cruz,2,0,,2,
Mendocino,HAWK - 999 313,President,,REP,Donald Trump,123,18,,105,
Mendocino,HAWK - 999 313,President,,GRN,Jill Stein,9,0,,9,
Mendocino,HAWK - 999 313,President,,DEM,Kamala Harris,160,6,,154,
Mendocino,HAWK - 999 313,President,,,Overvotes,0,0,,0,
Mendocino,HAWK - 999 313,President,,AIP,Robert F. Kennedy Jr.,11,0,,11,
Mendocino,HAWK - 999 313,President,,,Undervotes,6,1,,5,
Mendocino,HAWK - 999 313,President,,,Write-ins,0,0,,0,
Mendocino,HAZEL - 999 424,President,,LIB,Chase Oliver,2,0,,2,
Mendocino,HAZEL - 999 424,President,,PFP,Claudia De la Cruz,4,0,,4,
Mendocino,HAZEL - 999 424,President,,REP,Donald Trump,143,3,,140,
Mendocino,HAZEL - 999 424,President,,GRN,Jill Stein,10,2,,8,
Mendocino,HAZEL - 999 424,President,,DEM,Kamala Harris,421,8,,413,
Mendocino,HAZEL - 999 424,President,,,Overvotes,0,0,,0,
Mendocino,HAZEL - 999 424,President,,AIP,Robert F. Kennedy Jr.,8,0,,8,
Mendocino,HAZEL - 999 424,President,,,Undervotes,6,1,,5,
Mendocino,HAZEL - 999 424,President,,,Write-ins,0,0,,0,
Mendocino,HENRY STA TION - 999 124,President,,LIB,Chase Oliver,0,0,,0,
Mendocino,HENRY STA TION - 999 124,President,,PFP,Claudia De la Cruz,0,0,,0,
Mendocino,HENRY STA TION - 999 124,President,,REP,Donald Trump,133,11,,122,
Mendocino,HENRY STA TION - 999 124,President,,GRN,Jill Stein,3,0,,3,
Mendocino,HENRY STA TION - 999 124,President,,DEM,Kamala Harris,165,3,,162,
Mendocino,HENRY STA TION - 999 124,President,,,Overvotes,0,0,,0,
Mendocino,HENRY STA TION - 999 124,President,,AIP,Robert F. Kennedy Jr.,1,0,,1,
Mendocino,HENRY STA TION - 999 124,President,,,Undervotes,3,0,,3,
Mendocino,HENRY STA TION - 999 124,President,,,Write-ins,0,0,,0,
Mendocino,HENSLEY N ORTH - 99 9555,President,,LIB,Chase Oliver,0,0,,0,
Mendocino,HENSLEY N ORTH - 99 9555,President,,PFP,Claudia De la Cruz,0,0,,0,
Mendocino,HENSLEY N ORTH - 99 9555,President,,REP,Donald Trump,12,0,,12,
Mendocino,HENSLEY N ORTH - 99 9555,President,,GRN,Jill Stein,0,0,,0,
Mendocino,HENSLEY N ORTH - 99 9555,President,,DEM,Kamala Harris,11,2,,9,
Mendocino,HENSLEY N ORTH - 99 9555,President,,,Overvotes,0,0,,0,
Mendocino,HENSLEY N ORTH - 99 9555,President,,AIP,Robert F. Kennedy Jr.,0,0,,0,
Mendocino,HENSLEY N ORTH - 99 9555,President,,,Undervotes,2,0,,2,
Mendocino,HENSLEY N ORTH - 99 9555,President,,,Write-ins,0,0,,0,
Mendocino,HIGH SCHO OL - 99921 6,President,,LIB,Chase Oliver,3,0,,3,
Mendocino,HIGH SCHO OL - 99921 6,President,,PFP,Claudia De la Cruz,1,0,,1,
Mendocino,HIGH SCHO OL - 99921 6,President,,REP,Donald Trump,70,0,,70,
Mendocino,HIGH SCHO OL - 99921 6,President,,GRN,Jill Stein,2,0,,2,
Mendocino,HIGH SCHO OL - 99921 6,President,,DEM,Kamala Harris,120,3,,117,
Mendocino,HIGH SCHO OL - 99921 6,President,,,Overvotes,0,0,,0,
Mendocino,HIGH SCHO OL - 99921 6,President,,AIP,Robert F. Kennedy Jr.,3,0,,3,
Mendocino,HIGH SCHO OL - 99921 6,President,,,Undervotes,5,0,,5,
Mendocino,HIGH SCHO OL - 99921 6,President,,,Write-ins,0,0,,0,
Mendocino,HOLOHAN GULCH - 9 99401,President,,LIB,Chase Oliver,0,0,,0,
Mendocino,HOLOHAN GULCH - 9 99401,President,,PFP,Claudia De la Cruz,0,0,,0,
Mendocino,HOLOHAN GULCH - 9 99401,President,,REP,Donald Trump,24,0,,24,
Mendocino,HOLOHAN GULCH - 9 99401,President,,GRN,Jill Stein,2,0,,2,
Mendocino,HOLOHAN GULCH - 9 99401,President,,DEM,Kamala Harris,29,0,,29,
Mendocino,HOLOHAN GULCH - 9 99401,President,,,Overvotes,0,0,,0,
Mendocino,HOLOHAN GULCH - 9 99401,President,,AIP,Robert F. Kennedy Jr.,0,0,,0,
Mendocino,HOLOHAN GULCH - 9 99401,President,,,Undervotes,0,0,,0,
Mendocino,HOLOHAN GULCH - 9 99401,President,,,Write-ins,0,0,,0,
Mendocino,HOPLAND - 100007,President,,LIB,Chase Oliver,3,0,,3,
Mendocino,HOPLAND - 100007,President,,PFP,Claudia De la Cruz,1,0,,1,
Mendocino,HOPLAND - 100007,President,,REP,Donald Trump,97,8,,89,
Mendocino,HOPLAND - 100007,President,,GRN,Jill Stein,1,0,,1,
Mendocino,HOPLAND - 100007,President,,DEM,Kamala Harris,153,4,,149,
Mendocino,HOPLAND - 100007,President,,,Overvotes,0,0,,0,
Mendocino,HOPLAND - 100007,President,,AIP,Robert F. Kennedy Jr.,8,2,,6,
Mendocino,HOPLAND - 100007,President,,,Undervotes,1,0,,1,
Mendocino,HOPLAND - 100007,President,,,Write-ins,0,0,,0,
Mendocino,HOWARD C REEK - 999 150,President,,LIB,Chase Oliver,1,0,,1,
Mendocino,HOWARD C REEK - 999 150,President,,PFP,Claudia De la Cruz,0,0,,0,
Mendocino,HOWARD C REEK - 999 150,President,,REP,Donald Trump,152,10,,142,
Mendocino,HOWARD C REEK - 999 150,President,,GRN,Jill Stein,1,0,,1,
Mendocino,HOWARD C REEK - 999 150,President,,DEM,Kamala Harris,150,8,,142,
Mendocino,HOWARD C REEK - 999 150,President,,,Overvotes,0,0,,0,
Mendocino,HOWARD C REEK - 999 150,President,,AIP,Robert F. Kennedy Jr.,3,0,,3,
Mendocino,HOWARD C REEK - 999 150,President,,,Undervotes,1,0,,1,
Mendocino,HOWARD C REEK - 999 150,President,,,Write-ins,0,0,,0,
Mendocino,IRMULCO - 999320,President,,LIB,Chase Oliver,0,0,,0,
Mendocino,IRMULCO - 999320,President,,PFP,Claudia De la Cruz,0,0,,0,
Mendocino,IRMULCO - 999320,President,,REP,Donald Trump,52,10,,42,
Mendocino,IRMULCO - 999320,President,,GRN,Jill Stein,2,0,,2,
Mendocino,IRMULCO - 999320,President,,DEM,Kamala Harris,52,3,,49,
Mendocino,IRMULCO - 999320,President,,,Overvotes,0,0,,0,
Mendocino,IRMULCO - 999320,President,,AIP,Robert F. Kennedy Jr.,3,1,,2,
Mendocino,IRMULCO - 999320,President,,,Undervotes,2,0,,2,
Mendocino,IRMULCO - 999320,President,,,Write-ins,0,0,,0,
Mendocino,IVERSEN LA NDING - 9 99519,President,,LIB,Chase Oliver,1,0,,1,
Mendocino,IVERSEN LA NDING - 9 99519,President,,PFP,Claudia De la Cruz,0,0,,0,
Mendocino,IVERSEN LA NDING - 9 99519,President,,REP,Donald Trump,35,14,,21,
Mendocino,IVERSEN LA NDING - 9 99519,President,,GRN,Jill Stein,2,0,,2,
Mendocino,IVERSEN LA NDING - 9 99519,President,,DEM,Kamala Harris,137,30,,107,
Mendocino,IVERSEN LA NDING - 9 99519,President,,,Overvotes,0,0,,0,
Mendocino,IVERSEN LA NDING - 9 99519,President,,AIP,Robert F. Kennedy Jr.,7,3,,4,
Mendocino,IVERSEN LA NDING - 9 99519,President,,,Undervotes,6,0,,6,
Mendocino,IVERSEN LA NDING - 9 99519,President,,,Write-ins,0,0,,0,
Mendocino,JACKSON - 999439,President,,LIB,Chase Oliver,0,0,,0,
Mendocino,JACKSON - 999439,President,,PFP,Claudia De la Cruz,1,0,,1,
Mendocino,JACKSON - 999439,President,,REP,Donald Trump,35,3,,32,
Mendocino,JACKSON - 999439,President,,GRN,Jill Stein,3,0,,3,
Mendocino,JACKSON - 999439,President,,DEM,Kamala Harris,56,3,,53,
Mendocino,JACKSON - 999439,President,,,Overvotes,0,0,,0,
Mendocino,JACKSON - 999439,President,,AIP,Robert F. Kennedy Jr.,2,0,,2,
Mendocino,JACKSON - 999439,President,,,Undervotes,0,0,,0,
Mendocino,JACKSON - 999439,President,,,Write-ins,0,0,,0,
Mendocino,JEFFERSON - 999556,President,,LIB,Chase Oliver,0,0,,0,
Mendocino,JEFFERSON - 999556,President,,PFP,Claudia De la Cruz,1,0,,1,
Mendocino,JEFFERSON - 999556,President,,REP,Donald Trump,22,2,,20,
Mendocino,JEFFERSON - 999556,President,,GRN,Jill Stein,1,0,,1,
Mendocino,JEFFERSON - 999556,President,,DEM,Kamala Harris,36,3,,33,
Mendocino,JEFFERSON - 999556,President,,,Overvotes,0,0,,0,
Mendocino,JEFFERSON - 999556,President,,AIP,Robert F. Kennedy Jr.,0,0,,0,
Mendocino,JEFFERSON - 999556,President,,,Undervotes,0,0,,0,
Mendocino,JEFFERSON - 999556,President,,,Write-ins,0,0,,0,
Mendocino,JUG HANDL E CREEK - 400007,President,,LIB,Chase Oliver,0,0,,0,
Mendocino,JUG HANDL E CREEK - 400007,President,,PFP,Claudia De la Cruz,1,0,,1,
Mendocino,JUG HANDL E CREEK - 400007,President,,REP,Donald Trump,50,6,,44,
Mendocino,JUG HANDL E CREEK - 400007,President,,GRN,Jill Stein,4,0,,4,
Mendocino,JUG HANDL E CREEK - 400007,President,,DEM,Kamala Harris,190,4,,186,
Mendocino,JUG HANDL E CREEK - 400007,President,,,Overvotes,0,0,,0,
Mendocino,JUG HANDL E CREEK - 400007,President,,AIP,Robert F. Kennedy Jr.,2,0,,2,
Mendocino,JUG HANDL E CREEK - 400007,President,,,Undervotes,4,1,,3,
Mendocino,JUG HANDL E CREEK - 400007,President,,,Write-ins,0,0,,0,
Mendocino,KING RANC H - 999117,President,,LIB,Chase Oliver,0,0,,0,
Mendocino,KING RANC H - 999117,President,,PFP,Claudia De la Cruz,0,0,,0,
Mendocino,KING RANC H - 999117,President,,REP,Donald Trump,3,0,,3,
Mendocino,KING RANC H - 999117,President,,GRN,Jill Stein,0,0,,0,
Mendocino,KING RANC H - 999117,President,,DEM,Kamala Harris,11,0,,11,
Mendocino,KING RANC H - 999117,President,,,Overvotes,0,0,,0,
Mendocino,KING RANC H - 999117,President,,AIP,Robert F. Kennedy Jr.,0,0,,0,
Mendocino,KING RANC H - 999117,President,,,Undervotes,0,0,,0,
Mendocino,KING RANC H - 999117,President,,,Write-ins,0,0,,0,
Mendocino,LAKESIDE - 999307,President,,LIB,Chase Oliver,0,0,,0,
Mendocino,LAKESIDE - 999307,President,,PFP,Claudia De la Cruz,2,2,,0,
Mendocino,LAKESIDE - 999307,President,,REP,Donald Trump,113,16,,97,
Mendocino,LAKESIDE - 999307,President,,GRN,Jill Stein,4,0,,4,
Mendocino,LAKESIDE - 999307,President,,DEM,Kamala Harris,120,8,,112,
Mendocino,LAKESIDE - 999307,President,,,Overvotes,0,0,,0,
Mendocino,LAKESIDE - 999307,President,,AIP,Robert F. Kennedy Jr.,5,1,,4,
Mendocino,LAKESIDE - 999307,President,,,Undervotes,2,1,,1,
Mendocino,LAKESIDE - 999307,President,,,Write-ins,0,0,,0,
Mendocino,LAKEVIEW - 999148,President,,LIB,Chase Oliver,0,0,,0,
Mendocino,LAKEVIEW - 999148,President,,PFP,Claudia De la Cruz,0,0,,0,
Mendocino,LAKEVIEW - 999148,President,,REP,Donald Trump,6,0,,6,
Mendocino,LAKEVIEW - 999148,President,,GRN,Jill Stein,0,0,,0,
Mendocino,LAKEVIEW - 999148,President,,DEM,Kamala Harris,8,1,,7,
Mendocino,LAKEVIEW - 999148,President,,,Overvotes,0,0,,0,
Mendocino,LAKEVIEW - 999148,President,,AIP,Robert F. Kennedy Jr.,0,0,,0,
Mendocino,LAKEVIEW - 999148,President,,,Undervotes,0,0,,0,
Mendocino,LAKEVIEW - 999148,President,,,Write-ins,0,0,,0,
Mendocino,LANSING - 999501,President,,LIB,Chase Oliver,2,0,,2,
Mendocino,LANSING - 999501,President,,PFP,Claudia De la Cruz,1,0,,1,
Mendocino,LANSING - 999501,President,,REP,Donald Trump,50,2,,48,
Mendocino,LANSING - 999501,President,,GRN,Jill Stein,15,0,,15,
Mendocino,LANSING - 999501,President,,DEM,Kamala Harris,365,12,,353,
Mendocino,LANSING - 999501,President,,,Overvotes,0,0,,0,
Mendocino,LANSING - 999501,President,,AIP,Robert F. Kennedy Jr.,7,0,,7,
Mendocino,LANSING - 999501,President,,,Undervotes,3,1,,2,
Mendocino,LANSING - 999501,President,,,Write-ins,0,0,,0,
Mendocino,LAWS - 999 225,President,,LIB,Chase Oliver,1,0,,1,
Mendocino,LAWS - 999 225,President,,PFP,Claudia De la Cruz,1,0,,1,
Mendocino,LAWS - 999 225,President,,REP,Donald Trump,57,9,,48,
Mendocino,LAWS - 999 225,President,,GRN,Jill Stein,1,0,,1,
Mendocino,LAWS - 999 225,President,,DEM,Kamala Harris,72,3,,69,
Mendocino,LAWS - 999 225,President,,,Overvotes,0,0,,0,
Mendocino,LAWS - 999 225,President,,AIP,Robert F. Kennedy Jr.,4,0,,4,
Mendocino,LAWS - 999 225,President,,,Undervotes,2,0,,2,
Mendocino,LAWS - 999 225,President,,,Write-ins,0,0,,0,
Mendocino,LENNIX - 99 9152,President,,LIB,Chase Oliver,0,0,,0,
Mendocino,LENNIX - 99 9152,President,,PFP,Claudia De la Cruz,0,0,,0,
Mendocino,LENNIX - 99 9152,President,,REP,Donald Trump,33,1,,32,
Mendocino,LENNIX - 99 9152,President,,GRN,Jill Stein,1,0,,1,
Mendocino,LENNIX - 99 9152,President,,DEM,Kamala Harris,25,1,,24,
Mendocino,LENNIX - 99 9152,President,,,Overvotes,0,0,,0,
Mendocino,LENNIX - 99 9152,President,,AIP,Robert F. Kennedy Jr.,1,1,,0,
Mendocino,LENNIX - 99 9152,President,,,Undervotes,1,0,,1,
Mendocino,LENNIX - 99 9152,President,,,Write-ins,0,0,,0,
Mendocino,LESLIE - 999 220,President,,LIB,Chase Oliver,0,0,,0,
Mendocino,LESLIE - 999 220,President,,PFP,Claudia De la Cruz,0,0,,0,
Mendocino,LESLIE - 999 220,President,,REP,Donald Trump,38,0,,38,
Mendocino,LESLIE - 999 220,President,,GRN,Jill Stein,1,0,,1,
Mendocino,LESLIE - 999 220,President,,DEM,Kamala Harris,64,2,,62,
Mendocino,LESLIE - 999 220,President,,,Overvotes,0,0,,0,
Mendocino,LESLIE - 999 220,President,,AIP,Robert F. Kennedy Jr.,1,0,,1,
Mendocino,LESLIE - 999 220,President,,,Undervotes,0,0,,0,
Mendocino,LESLIE - 999 220,President,,,Write-ins,0,0,,0,
Mendocino,LONG VALL EY - 300008,President,,LIB,Chase Oliver,3,2,,1,
Mendocino,LONG VALL EY - 300008,President,,PFP,Claudia De la Cruz,3,2,,1,
Mendocino,LONG VALL EY - 300008,President,,REP,Donald Trump,207,31,,176,
Mendocino,LONG VALL EY - 300008,President,,GRN,Jill Stein,8,1,,7,
Mendocino,LONG VALL EY - 300008,President,,DEM,Kamala Harris,383,30,,353,
Mendocino,LONG VALL EY - 300008,President,,,Overvotes,0,0,,0,
Mendocino,LONG VALL EY - 300008,President,,AIP,Robert F. Kennedy Jr.,15,4,,11,
Mendocino,LONG VALL EY - 300008,President,,,Undervotes,10,2,,8,
Mendocino,LONG VALL EY - 300008,President,,,Write-ins,0,0,,0,
Mendocino,LONGVALE - 999321,President,,LIB,Chase Oliver,0,0,,0,
Mendocino,LONGVALE - 999321,President,,PFP,Claudia De la Cruz,2,0,,2,
Mendocino,LONGVALE - 999321,President,,REP,Donald Trump,33,1,,32,
Mendocino,LONGVALE - 999321,President,,GRN,Jill Stein,0,0,,0,
Mendocino,LONGVALE - 999321,President,,DEM,Kamala Harris,45,4,,41,
Mendocino,LONGVALE - 999321,President,,,Overvotes,0,0,,0,
Mendocino,LONGVALE - 999321,President,,AIP,Robert F. Kennedy Jr.,5,1,,4,
Mendocino,LONGVALE - 999321,President,,,Undervotes,0,0,,0,
Mendocino,LONGVALE - 999321,President,,,Write-ins,0,0,,0,
Mendocino,LOVERS LA NE - 999210,President,,LIB,Chase Oliver,0,0,,0,
Mendocino,LOVERS LA NE - 999210,President,,PFP,Claudia De la Cruz,0,0,,0,
Mendocino,LOVERS LA NE - 999210,President,,REP,Donald Trump,2,0,,2,
Mendocino,LOVERS LA NE - 999210,President,,GRN,Jill Stein,0,0,,0,
Mendocino,LOVERS LA NE - 999210,President,,DEM,Kamala Harris,4,0,,4,
Mendocino,LOVERS LA NE - 999210,President,,,Overvotes,0,0,,0,
Mendocino,LOVERS LA NE - 999210,President,,AIP,Robert F. Kennedy Jr.,0,0,,0,
Mendocino,LOVERS LA NE - 999210,President,,,Undervotes,0,0,,0,
Mendocino,LOVERS LA NE - 999210,President,,,Write-ins,0,0,,0,
Mendocino,MADSEN - 9 99426,President,,LIB,Chase Oliver,0,0,,0,
Mendocino,MADSEN - 9 99426,President,,PFP,Claudia De la Cruz,0,0,,0,
Mendocino,MADSEN - 9 99426,President,,REP,Donald Trump,28,3,,25,
Mendocino,MADSEN - 9 99426,President,,GRN,Jill Stein,1,0,,1,
Mendocino,MADSEN - 9 99426,President,,DEM,Kamala Harris,53,1,,52,
Mendocino,MADSEN - 9 99426,President,,,Overvotes,0,0,,0,
Mendocino,MADSEN - 9 99426,President,,AIP,Robert F. Kennedy Jr.,0,0,,0,
Mendocino,MADSEN - 9 99426,President,,,Undervotes,2,0,,2,
Mendocino,MADSEN - 9 99426,President,,,Write-ins,0,0,,0,
Mendocino,MARIPOSA CREEK - 99 9104,President,,LIB,Chase Oliver,0,0,,0,
Mendocino,MARIPOSA CREEK - 99 9104,President,,PFP,Claudia De la Cruz,0,0,,0,
Mendocino,MARIPOSA CREEK - 99 9104,President,,REP,Donald Trump,0,0,,0,
Mendocino,MARIPOSA CREEK - 99 9104,President,,GRN,Jill Stein,0,0,,0,
Mendocino,MARIPOSA CREEK - 99 9104,President,,DEM,Kamala Harris,1,0,,1,
Mendocino,MARIPOSA CREEK - 99 9104,President,,,Overvotes,0,0,,0,
Mendocino,MARIPOSA CREEK - 99 9104,President,,AIP,Robert F. Kennedy Jr.,0,0,,0,
Mendocino,MARIPOSA CREEK - 99 9104,President,,,Undervotes,0,0,,0,
Mendocino,MARIPOSA CREEK - 99 9104,President,,,Write-ins,0,0,,0,
Mendocino,MASONITE - 999226,President,,LIB,Chase Oliver,0,0,,0,
Mendocino,MASONITE - 999226,President,,PFP,Claudia De la Cruz,1,1,,0,
Mendocino,MASONITE - 999226,President,,REP,Donald Trump,5,1,,4,
Mendocino,MASONITE - 999226,President,,GRN,Jill Stein,0,0,,0,
Mendocino,MASONITE - 999226,President,,DEM,Kamala Harris,19,3,,16,
Mendocino,MASONITE - 999226,President,,,Overvotes,0,0,,0,
Mendocino,MASONITE - 999226,President,,AIP,Robert F. Kennedy Jr.,1,0,,1,
Mendocino,MASONITE - 999226,President,,,Undervotes,0,0,,0,
Mendocino,MASONITE - 999226,President,,,Write-ins,0,0,,0,
Mendocino,MAVERICK - 999147,President,,LIB,Chase Oliver,0,0,,0,
Mendocino,MAVERICK - 999147,President,,PFP,Claudia De la Cruz,0,0,,0,
Mendocino,MAVERICK - 999147,President,,REP,Donald Trump,1,0,,1,
Mendocino,MAVERICK - 999147,President,,GRN,Jill Stein,0,0,,0,
Mendocino,MAVERICK - 999147,President,,DEM,Kamala Harris,5,2,,3,
Mendocino,MAVERICK - 999147,President,,,Overvotes,0,0,,0,
Mendocino,MAVERICK - 999147,President,,AIP,Robert F. Kennedy Jr.,0,0,,0,
Mendocino,MAVERICK - 999147,President,,,Undervotes,0,0,,0,
Mendocino,MAVERICK - 999147,President,,,Write-ins,0,0,,0,
Mendocino,MCNEAR - 9 99131,President,,LIB,Chase Oliver,0,0,,0,
Mendocino,MCNEAR - 9 99131,President,,PFP,Claudia De la Cruz,0,0,,0,
Mendocino,MCNEAR - 9 99131,President,,REP,Donald Trump,7,0,,7,
Mendocino,MCNEAR - 9 99131,President,,GRN,Jill Stein,0,0,,0,
Mendocino,MCNEAR - 9 99131,President,,DEM,Kamala Harris,7,0,,7,
Mendocino,MCNEAR - 9 99131,President,,,Overvotes,1,0,,1,
Mendocino,MCNEAR - 9 99131,President,,AIP,Robert F. Kennedy Jr.,0,0,,0,
Mendocino,MCNEAR - 9 99131,President,,,Undervotes,0,0,,0,
Mendocino,MCNEAR - 9 99131,President,,,Write-ins,0,0,,0,
Mendocino,MENDOCINO GARDEN S - 200002,President,,LIB,Chase Oliver,6,0,,6,
Mendocino,MENDOCINO GARDEN S - 200002,President,,PFP,Claudia De la Cruz,2,0,,2,
Mendocino,MENDOCINO GARDEN S - 200002,President,,REP,Donald Trump,221,16,,205,
Mendocino,MENDOCINO GARDEN S - 200002,President,,GRN,Jill Stein,11,0,,11,
Mendocino,MENDOCINO GARDEN S - 200002,President,,DEM,Kamala Harris,528,13,,515,
Mendocino,MENDOCINO GARDEN S - 200002,President,,,Overvotes,1,0,,1,
Mendocino,MENDOCINO GARDEN S - 200002,President,,AIP,Robert F. Kennedy Jr.,9,1,,8,
Mendocino,MENDOCINO GARDEN S - 200002,President,,,Undervotes,14,0,,14,
Mendocino,MENDOCINO GARDEN S - 200002,President,,,Write-ins,0,0,,0,
Mendocino,MENDOCINO WEST - 9 99219,President,,LIB,Chase Oliver,0,0,,0,
Mendocino,MENDOCINO WEST - 9 99219,President,,PFP,Claudia De la Cruz,0,0,,0,
Mendocino,MENDOCINO WEST - 9 99219,President,,REP,Donald Trump,2,0,,2,
Mendocino,MENDOCINO WEST - 9 99219,President,,GRN,Jill Stein,0,0,,0,
Mendocino,MENDOCINO WEST - 9 99219,President,,DEM,Kamala Harris,0,0,,0,
Mendocino,MENDOCINO WEST - 9 99219,President,,,Overvotes,0,0,,0,
Mendocino,MENDOCINO WEST - 9 99219,President,,AIP,Robert F. Kennedy Jr.,0,0,,0,
Mendocino,MENDOCINO WEST - 9 99219,President,,,Undervotes,0,0,,0,
Mendocino,MENDOCINO WEST - 9 99219,President,,,Write-ins,0,0,,0,
Mendocino,MENDOCINO WOODL ANDS - 999 502,President,,LIB,Chase Oliver,0,0,,0,
Mendocino,MENDOCINO WOODL ANDS - 999 502,President,,PFP,Claudia De la Cruz,2,0,,2,
Mendocino,MENDOCINO WOODL ANDS - 999 502,President,,REP,Donald Trump,0,0,,0,
Mendocino,MENDOCINO WOODL ANDS - 999 502,President,,GRN,Jill Stein,0,0,,0,
Mendocino,MENDOCINO WOODL ANDS - 999 502,President,,DEM,Kamala Harris,4,0,,4,
Mendocino,MENDOCINO WOODL ANDS - 999 502,President,,,Overvotes,0,0,,0,
Mendocino,MENDOCINO WOODL ANDS - 999 502,President,,AIP,Robert F. Kennedy Jr.,0,0,,0,
Mendocino,MENDOCINO WOODL ANDS - 999 502,President,,,Undervotes,0,0,,0,
Mendocino,MENDOCINO WOODL ANDS - 999 502,President,,,Write-ins,0,0,,0,
Mendocino,MESA - 100 003,President,,LIB,Chase Oliver,7,0,,7,
Mendocino,MESA - 100 003,President,,PFP,Claudia De la Cruz,3,1,,2,
Mendocino,MESA - 100 003,President,,REP,Donald Trump,479,44,,435,
Mendocino,MESA - 100 003,President,,GRN,Jill Stein,10,0,,10,
Mendocino,MESA - 100 003,President,,DEM,Kamala Harris,369,26,,343,
Mendocino,MESA - 100 003,President,,,Overvotes,1,1,,0,
Mendocino,MESA - 100 003,President,,AIP,Robert F. Kennedy Jr.,33,4,,29,
Mendocino,MESA - 100 003,President,,,Undervotes,16,0,,16,
Mendocino,MESA - 100 003,President,,,Write-ins,0,0,,0,
Mendocino,MILL CREEK - 999126,President,,LIB,Chase Oliver,0,0,,0,
Mendocino,MILL CREEK - 999126,President,,PFP,Claudia De la Cruz,0,0,,0,
Mendocino,MILL CREEK - 999126,President,,REP,Donald Trump,8,1,,7,
Mendocino,MILL CREEK - 999126,President,,GRN,Jill Stein,0,0,,0,
Mendocino,MILL CREEK - 999126,President,,DEM,Kamala Harris,19,1,,18,
Mendocino,MILL CREEK - 999126,President,,,Overvotes,0,0,,0,
Mendocino,MILL CREEK - 999126,President,,AIP,Robert F. Kennedy Jr.,0,0,,0,
Mendocino,MILL CREEK - 999126,President,,,Undervotes,0,0,,0,
Mendocino,MILL CREEK - 999126,President,,,Write-ins,0,0,,0,
Mendocino,MINA - 999 316,President,,LIB,Chase Oliver,0,0,,0,
Mendocino,MINA - 999 316,President,,PFP,Claudia De la Cruz,0,0,,0,
Mendocino,MINA - 999 316,President,,REP,Donald Trump,2,0,,2,
Mendocino,MINA - 999 316,President,,GRN,Jill Stein,1,0,,1,
Mendocino,MINA - 999 316,President,,DEM,Kamala Harris,14,0,,14,
Mendocino,MINA - 999 316,President,,,Overvotes,0,0,,0,
Mendocino,MINA - 999 316,President,,AIP,Robert F. Kennedy Jr.,0,0,,0,
Mendocino,MINA - 999 316,President,,,Undervotes,0,0,,0,
Mendocino,MINA - 999 316,President,,,Write-ins,0,0,,0,
Mendocino,MOUNTAIN T OP - 999 546,President,,LIB,Chase Oliver,0,0,,0,
Mendocino,MOUNTAIN T OP - 999 546,President,,PFP,Claudia De la Cruz,0,0,,0,
Mendocino,MOUNTAIN T OP - 999 546,President,,REP,Donald Trump,0,0,,0,
Mendocino,MOUNTAIN T OP - 999 546,President,,GRN,Jill Stein,0,0,,0,
Mendocino,MOUNTAIN T OP - 999 546,President,,DEM,Kamala Harris,3,0,,3,
Mendocino,MOUNTAIN T OP - 999 546,President,,,Overvotes,0,0,,0,
Mendocino,MOUNTAIN T OP - 999 546,President,,AIP,Robert F. Kennedy Jr.,0,0,,0,
Mendocino,MOUNTAIN T OP - 999 546,President,,,Undervotes,0,0,,0,
Mendocino,MOUNTAIN T OP - 999 546,President,,,Write-ins,0,0,,0,
Mendocino,NAVARRO - 500004,President,,LIB,Chase Oliver,1,0,,1,
Mendocino,NAVARRO - 500004,President,,PFP,Claudia De la Cruz,4,0,,4,
Mendocino,NAVARRO - 500004,President,,REP,Donald Trump,109,6,,103,
Mendocino,NAVARRO - 500004,President,,GRN,Jill Stein,18,2,,16,
Mendocino,NAVARRO - 500004,President,,DEM,Kamala Harris,549,20,,529,
Mendocino,NAVARRO - 500004,President,,,Overvotes,0,0,,0,
Mendocino,NAVARRO - 500004,President,,AIP,Robert F. Kennedy Jr.,5,0,,5,
Mendocino,NAVARRO - 500004,President,,,Undervotes,17,1,,16,
Mendocino,NAVARRO - 500004,President,,,Write-ins,0,0,,0,
Mendocino,NORGARD - 999227,President,,LIB,Chase Oliver,0,0,,0,
Mendocino,NORGARD - 999227,President,,PFP,Claudia De la Cruz,0,0,,0,
Mendocino,NORGARD - 999227,President,,REP,Donald Trump,33,2,,31,
Mendocino,NORGARD - 999227,President,,GRN,Jill Stein,0,0,,0,
Mendocino,NORGARD - 999227,President,,DEM,Kamala Harris,73,11,,62,
Mendocino,NORGARD - 999227,President,,,Overvotes,0,0,,0,
Mendocino,NORGARD - 999227,President,,AIP,Robert F. Kennedy Jr.,0,0,,0,
Mendocino,NORGARD - 999227,President,,,Undervotes,3,0,,3,
Mendocino,NORGARD - 999227,President,,,Write-ins,0,0,,0,
Mendocino,NORGARD SOUTH - 9 99139,President,,LIB,Chase Oliver,0,0,,0,
Mendocino,NORGARD SOUTH - 9 99139,President,,PFP,Claudia De la Cruz,0,0,,0,
Mendocino,NORGARD SOUTH - 9 99139,President,,REP,Donald Trump,3,0,,3,
Mendocino,NORGARD SOUTH - 9 99139,President,,GRN,Jill Stein,0,0,,0,
Mendocino,NORGARD SOUTH - 9 99139,President,,DEM,Kamala Harris,5,0,,5,
Mendocino,NORGARD SOUTH - 9 99139,President,,,Overvotes,0,0,,0,
Mendocino,NORGARD SOUTH - 9 99139,President,,AIP,Robert F. Kennedy Jr.,0,0,,0,
Mendocino,NORGARD SOUTH - 9 99139,President,,,Undervotes,0,0,,0,
Mendocino,NORGARD SOUTH - 9 99139,President,,,Write-ins,0,0,,0,
Mendocino,NORTH DO OLIN - 999 560,President,,LIB,Chase Oliver,0,0,,0,
Mendocino,NORTH DO OLIN - 999 560,President,,PFP,Claudia De la Cruz,1,0,,1,
Mendocino,NORTH DO OLIN - 999 560,President,,REP,Donald Trump,0,0,,0,
Mendocino,NORTH DO OLIN - 999 560,President,,GRN,Jill Stein,0,0,,0,
Mendocino,NORTH DO OLIN - 999 560,President,,DEM,Kamala Harris,4,0,,4,
Mendocino,NORTH DO OLIN - 999 560,President,,,Overvotes,0,0,,0,
Mendocino,NORTH DO OLIN - 999 560,President,,AIP,Robert F. Kennedy Jr.,0,0,,0,
Mendocino,NORTH DO OLIN - 999 560,President,,,Undervotes,0,0,,0,
Mendocino,NORTH DO OLIN - 999 560,President,,,Write-ins,0,0,,0,
Mendocino,NORTH FOR K - 99950 9,President,,LIB,Chase Oliver,0,0,,0,
Mendocino,NORTH FOR K - 99950 9,President,,PFP,Claudia De la Cruz,0,0,,0,
Mendocino,NORTH FOR K - 99950 9,President,,REP,Donald Trump,0,0,,0,
Mendocino,NORTH FOR K - 99950 9,President,,GRN,Jill Stein,0,0,,0,
Mendocino,NORTH FOR K - 99950 9,President,,DEM,Kamala Harris,1,0,,1,
Mendocino,NORTH FOR K - 99950 9,President,,,Overvotes,0,0,,0,
Mendocino,NORTH FOR K - 99950 9,President,,AIP,Robert F. Kennedy Jr.,0,0,,0,
Mendocino,NORTH FOR K - 99950 9,President,,,Undervotes,0,0,,0,
Mendocino,NORTH FOR K - 99950 9,President,,,Write-ins,0,0,,0,
Mendocino,NORTH HEN SLEY - 99 9151,President,,LIB,Chase Oliver,2,0,,2,
Mendocino,NORTH HEN SLEY - 99 9151,President,,PFP,Claudia De la Cruz,0,0,,0,
Mendocino,NORTH HEN SLEY - 99 9151,President,,REP,Donald Trump,57,2,,55,
Mendocino,NORTH HEN SLEY - 99 9151,President,,GRN,Jill Stein,1,0,,1,
Mendocino,NORTH HEN SLEY - 99 9151,President,,DEM,Kamala Harris,25,1,,24,
Mendocino,NORTH HEN SLEY - 99 9151,President,,,Overvotes,0,0,,0,
Mendocino,NORTH HEN SLEY - 99 9151,President,,AIP,Robert F. Kennedy Jr.,2,0,,2,
Mendocino,NORTH HEN SLEY - 99 9151,President,,,Undervotes,3,0,,3,
Mendocino,NORTH HEN SLEY - 99 9151,President,,,Write-ins,0,0,,0,
Mendocino,NORTH SAN EL - 99910 5,President,,LIB,Chase Oliver,0,0,,0,
Mendocino,NORTH SAN EL - 99910 5,President,,PFP,Claudia De la Cruz,1,0,,1,
Mendocino,NORTH SAN EL - 99910 5,President,,REP,Donald Trump,40,4,,36,
Mendocino,NORTH SAN EL - 99910 5,President,,GRN,Jill Stein,0,0,,0,
Mendocino,NORTH SAN EL - 99910 5,President,,DEM,Kamala Harris,36,2,,34,
Mendocino,NORTH SAN EL - 99910 5,President,,,Overvotes,0,0,,0,
Mendocino,NORTH SAN EL - 99910 5,President,,AIP,Robert F. Kennedy Jr.,1,0,,1,
Mendocino,NORTH SAN EL - 99910 5,President,,,Undervotes,1,0,,1,
Mendocino,NORTH SAN EL - 99910 5,President,,,Write-ins,0,0,,0,
Mendocino,NORTH SCH OOL - 200 004,President,,LIB,Chase Oliver,2,0,,2,
Mendocino,NORTH SCH OOL - 200 004,President,,PFP,Claudia De la Cruz,7,0,,7,
Mendocino,NORTH SCH OOL - 200 004,President,,REP,Donald Trump,148,8,,140,
Mendocino,NORTH SCH OOL - 200 004,President,,GRN,Jill Stein,2,0,,2,
Mendocino,NORTH SCH OOL - 200 004,President,,DEM,Kamala Harris,281,9,,272,
Mendocino,NORTH SCH OOL - 200 004,President,,,Overvotes,1,0,,1,
Mendocino,NORTH SCH OOL - 200 004,President,,AIP,Robert F. Kennedy Jr.,4,1,,3,
Mendocino,NORTH SCH OOL - 200 004,President,,,Undervotes,9,0,,9,
Mendocino,NORTH SCH OOL - 200 004,President,,,Write-ins,0,0,,0,
Mendocino,NORTHERN HILLS - 99 9538,President,,LIB,Chase Oliver,0,0,,0,
Mendocino,NORTHERN HILLS - 99 9538,President,,PFP,Claudia De la Cruz,1,0,,1,
Mendocino,NORTHERN HILLS - 99 9538,President,,REP,Donald Trump,28,4,,24,
Mendocino,NORTHERN HILLS - 99 9538,President,,GRN,Jill Stein,0,0,,0,
Mendocino,NORTHERN HILLS - 99 9538,President,,DEM,Kamala Harris,34,1,,33,
Mendocino,NORTHERN HILLS - 99 9538,President,,,Overvotes,0,0,,0,
Mendocino,NORTHERN HILLS - 99 9538,President,,AIP,Robert F. Kennedy Jr.,0,0,,0,
Mendocino,NORTHERN HILLS - 99 9538,President,,,Undervotes,1,0,,1,
Mendocino,NORTHERN HILLS - 99 9538,President,,,Write-ins,0,0,,0,
Mendocino,NOYO - 999 405,President,,LIB,Chase Oliver,5,0,,5,
Mendocino,NOYO - 999 405,President,,PFP,Claudia De la Cruz,2,0,,2,
Mendocino,NOYO - 999 405,President,,REP,Donald Trump,261,9,,252,
Mendocino,NOYO - 999 405,President,,GRN,Jill Stein,7,1,,6,
Mendocino,NOYO - 999 405,President,,DEM,Kamala Harris,467,15,,452,
Mendocino,NOYO - 999 405,President,,,Overvotes,0,0,,0,
Mendocino,NOYO - 999 405,President,,AIP,Robert F. Kennedy Jr.,12,0,,12,
Mendocino,NOYO - 999 405,President,,,Undervotes,8,1,,7,
Mendocino,NOYO - 999 405,President,,,Write-ins,0,0,,0,
Mendocino,OAK MANO R - 200001,President,,LIB,Chase Oliver,0,0,,0,
Mendocino,OAK MANO R - 200001,President,,PFP,Claudia De la Cruz,1,0,,1,
Mendocino,OAK MANO R - 200001,President,,REP,Donald Trump,208,22,,186,
Mendocino,OAK MANO R - 200001,President,,GRN,Jill Stein,2,0,,2,
Mendocino,OAK MANO R - 200001,President,,DEM,Kamala Harris,242,11,,231,
Mendocino,OAK MANO R - 200001,President,,,Overvotes,0,0,,0,
Mendocino,OAK MANO R - 200001,President,,AIP,Robert F. Kennedy Jr.,11,1,,10,
Mendocino,OAK MANO R - 200001,President,,,Undervotes,10,1,,9,
Mendocino,OAK MANO R - 200001,President,,,Write-ins,0,0,,0,
Mendocino,OCEAN BLU FF - 999507,President,,LIB,Chase Oliver,4,0,,4,
Mendocino,OCEAN BLU FF - 999507,President,,PFP,Claudia De la Cruz,5,0,,5,
Mendocino,OCEAN BLU FF - 999507,President,,REP,Donald Trump,118,9,,109,
Mendocino,OCEAN BLU FF - 999507,President,,GRN,Jill Stein,7,0,,7,
Mendocino,OCEAN BLU FF - 999507,President,,DEM,Kamala Harris,528,17,,511,
Mendocino,OCEAN BLU FF - 999507,President,,,Overvotes,0,0,,0,
Mendocino,OCEAN BLU FF - 999507,President,,AIP,Robert F. Kennedy Jr.,11,0,,11,
Mendocino,OCEAN BLU FF - 999507,President,,,Undervotes,10,0,,10,
Mendocino,OCEAN BLU FF - 999507,President,,,Write-ins,0,0,,0,
Mendocino,OCEAN MEA DOWS - 9 99411,President,,LIB,Chase Oliver,0,0,,0,
Mendocino,OCEAN MEA DOWS - 9 99411,President,,PFP,Claudia De la Cruz,0,0,,0,
Mendocino,OCEAN MEA DOWS - 9 99411,President,,REP,Donald Trump,9,1,,8,
Mendocino,OCEAN MEA DOWS - 9 99411,President,,GRN,Jill Stein,1,1,,0,
Mendocino,OCEAN MEA DOWS - 9 99411,President,,DEM,Kamala Harris,22,1,,21,
Mendocino,OCEAN MEA DOWS - 9 99411,President,,,Overvotes,0,0,,0,
Mendocino,OCEAN MEA DOWS - 9 99411,President,,AIP,Robert F. Kennedy Jr.,0,0,,0,
Mendocino,OCEAN MEA DOWS - 9 99411,President,,,Undervotes,0,0,,0,
Mendocino,OCEAN MEA DOWS - 9 99411,President,,,Write-ins,0,0,,0,
Mendocino,ORR SPRIN GS - 999508,President,,LIB,Chase Oliver,0,0,,0,
Mendocino,ORR SPRIN GS - 999508,President,,PFP,Claudia De la Cruz,0,0,,0,
Mendocino,ORR SPRIN GS - 999508,President,,REP,Donald Trump,7,0,,7,
Mendocino,ORR SPRIN GS - 999508,President,,GRN,Jill Stein,0,0,,0,
Mendocino,ORR SPRIN GS - 999508,President,,DEM,Kamala Harris,59,1,,58,
Mendocino,ORR SPRIN GS - 999508,President,,,Overvotes,0,0,,0,
Mendocino,ORR SPRIN GS - 999508,President,,AIP,Robert F. Kennedy Jr.,0,0,,0,
Mendocino,ORR SPRIN GS - 999508,President,,,Undervotes,0,0,,0,
Mendocino,ORR SPRIN GS - 999508,President,,,Write-ins,0,0,,0,
Mendocino,PARDALOE PEAK - 999 523,President,,LIB,Chase Oliver,1,0,,1,
Mendocino,PARDALOE PEAK - 999 523,President,,PFP,Claudia De la Cruz,0,0,,0,
Mendocino,PARDALOE PEAK - 999 523,President,,REP,Donald Trump,12,0,,12,
Mendocino,PARDALOE PEAK - 999 523,President,,GRN,Jill Stein,1,0,,1,
Mendocino,PARDALOE PEAK - 999 523,President,,DEM,Kamala Harris,17,0,,17,
Mendocino,PARDALOE PEAK - 999 523,President,,,Overvotes,0,0,,0,
Mendocino,PARDALOE PEAK - 999 523,President,,AIP,Robert F. Kennedy Jr.,0,0,,0,
Mendocino,PARDALOE PEAK - 999 523,President,,,Undervotes,0,0,,0,
Mendocino,PARDALOE PEAK - 999 523,President,,,Write-ins,0,0,,0,
Mendocino,PEPPERWOOD - 99951 2,President,,LIB,Chase Oliver,0,0,,0,
Mendocino,PEPPERWOOD - 99951 2,President,,PFP,Claudia De la Cruz,0,0,,0,
Mendocino,PEPPERWOOD - 99951 2,President,,REP,Donald Trump,4,0,,4,
Mendocino,PEPPERWOOD - 99951 2,President,,GRN,Jill Stein,0,0,,0,
Mendocino,PEPPERWOOD - 99951 2,President,,DEM,Kamala Harris,10,0,,10,
Mendocino,PEPPERWOOD - 99951 2,President,,,Overvotes,0,0,,0,
Mendocino,PEPPERWOOD - 99951 2,President,,AIP,Robert F. Kennedy Jr.,1,0,,1,
Mendocino,PEPPERWOOD - 99951 2,President,,,Undervotes,0,0,,0,
Mendocino,PEPPERWOOD - 99951 2,President,,,Write-ins,0,0,,0,
Mendocino,PINE MOUN TAIN - 99 9129,President,,LIB,Chase Oliver,0,0,,0,
Mendocino,PINE MOUN TAIN - 99 9129,President,,PFP,Claudia De la Cruz,0,0,,0,
Mendocino,PINE MOUN TAIN - 99 9129,President,,REP,Donald Trump,11,0,,11,
Mendocino,PINE MOUN TAIN - 99 9129,President,,GRN,Jill Stein,0,0,,0,
Mendocino,PINE MOUN TAIN - 99 9129,President,,DEM,Kamala Harris,8,0,,8,
Mendocino,PINE MOUN TAIN - 99 9129,President,,,Overvotes,0,0,,0,
Mendocino,PINE MOUN TAIN - 99 9129,President,,AIP,Robert F. Kennedy Jr.,0,0,,0,
Mendocino,PINE MOUN TAIN - 99 9129,President,,,Undervotes,0,0,,0,
Mendocino,PINE MOUN TAIN - 99 9129,President,,,Write-ins,0,0,,0,
Mendocino,PINE NEEDL E - 999535,President,,LIB,Chase Oliver,0,0,,0,
Mendocino,PINE NEEDL E - 999535,President,,PFP,Claudia De la Cruz,0,0,,0,
Mendocino,PINE NEEDL E - 999535,President,,REP,Donald Trump,6,0,,6,
Mendocino,PINE NEEDL E - 999535,President,,GRN,Jill Stein,0,0,,0,
Mendocino,PINE NEEDL E - 999535,President,,DEM,Kamala Harris,7,0,,7,
Mendocino,PINE NEEDL E - 999535,President,,,Overvotes,0,0,,0,
Mendocino,PINE NEEDL E - 999535,President,,AIP,Robert F. Kennedy Jr.,1,0,,1,
Mendocino,PINE NEEDL E - 999535,President,,,Undervotes,0,0,,0,
Mendocino,PINE NEEDL E - 999535,President,,,Write-ins,0,0,,0,
Mendocino,PINE RIDGE - 999532,President,,LIB,Chase Oliver,0,0,,0,
Mendocino,PINE RIDGE - 999532,President,,PFP,Claudia De la Cruz,2,0,,2,
Mendocino,PINE RIDGE - 999532,President,,REP,Donald Trump,10,0,,10,
Mendocino,PINE RIDGE - 999532,President,,GRN,Jill Stein,4,0,,4,
Mendocino,PINE RIDGE - 999532,President,,DEM,Kamala Harris,29,2,,27,
Mendocino,PINE RIDGE - 999532,President,,,Overvotes,0,0,,0,
Mendocino,PINE RIDGE - 999532,President,,AIP,Robert F. Kennedy Jr.,1,0,,1,
Mendocino,PINE RIDGE - 999532,President,,,Undervotes,6,0,,6,
Mendocino,PINE RIDGE - 999532,President,,,Write-ins,0,0,,0,
Mendocino,PINECREST - 999140,President,,LIB,Chase Oliver,2,0,,2,
Mendocino,PINECREST - 999140,President,,PFP,Claudia De la Cruz,0,0,,0,
Mendocino,PINECREST - 999140,President,,REP,Donald Trump,32,1,,31,
Mendocino,PINECREST - 999140,President,,GRN,Jill Stein,0,0,,0,
Mendocino,PINECREST - 999140,President,,DEM,Kamala Harris,20,1,,19,
Mendocino,PINECREST - 999140,President,,,Overvotes,0,0,,0,
Mendocino,PINECREST - 999140,President,,AIP,Robert F. Kennedy Jr.,1,0,,1,
Mendocino,PINECREST - 999140,President,,,Undervotes,1,0,,1,
Mendocino,PINECREST - 999140,President,,,Write-ins,0,0,,0,
Mendocino,PINOLEVILLE - 999540,President,,LIB,Chase Oliver,0,0,,0,
Mendocino,PINOLEVILLE - 999540,President,,PFP,Claudia De la Cruz,0,0,,0,
Mendocino,PINOLEVILLE - 999540,President,,REP,Donald Trump,7,0,,7,
Mendocino,PINOLEVILLE - 999540,President,,GRN,Jill Stein,0,0,,0,
Mendocino,PINOLEVILLE - 999540,President,,DEM,Kamala Harris,19,0,,19,
Mendocino,PINOLEVILLE - 999540,President,,,Overvotes,0,0,,0,
Mendocino,PINOLEVILLE - 999540,President,,AIP,Robert F. Kennedy Jr.,0,0,,0,
Mendocino,PINOLEVILLE - 999540,President,,,Undervotes,1,0,,1,
Mendocino,PINOLEVILLE - 999540,President,,,Write-ins,0,0,,0,
Mendocino,POWERHOUSE - 10000 9,President,,LIB,Chase Oliver,1,0,,1,
Mendocino,POWERHOUSE - 10000 9,President,,PFP,Claudia De la Cruz,4,0,,4,
Mendocino,POWERHOUSE - 10000 9,President,,REP,Donald Trump,301,34,,267,
Mendocino,POWERHOUSE - 10000 9,President,,GRN,Jill Stein,7,0,,7,
Mendocino,POWERHOUSE - 10000 9,President,,DEM,Kamala Harris,178,10,,168,
Mendocino,POWERHOUSE - 10000 9,President,,,Overvotes,0,0,,0,
Mendocino,POWERHOUSE - 10000 9,President,,AIP,Robert F. Kennedy Jr.,10,1,,9,
Mendocino,POWERHOUSE - 10000 9,President,,,Undervotes,10,2,,8,
Mendocino,POWERHOUSE - 10000 9,President,,,Write-ins,0,0,,0,
Mendocino,PUDDING C REEK - 400 002,President,,LIB,Chase Oliver,9,0,,9,
Mendocino,PUDDING C REEK - 400 002,President,,PFP,Claudia De la Cruz,2,0,,2,
Mendocino,PUDDING C REEK - 400 002,President,,REP,Donald Trump,242,13,,229,
Mendocino,PUDDING C REEK - 400 002,President,,GRN,Jill Stein,18,0,,18,
Mendocino,PUDDING C REEK - 400 002,President,,DEM,Kamala Harris,478,15,,463,
Mendocino,PUDDING C REEK - 400 002,President,,,Overvotes,0,0,,0,
Mendocino,PUDDING C REEK - 400 002,President,,AIP,Robert F. Kennedy Jr.,16,0,,16,
Mendocino,PUDDING C REEK - 400 002,President,,,Undervotes,11,0,,11,
Mendocino,PUDDING C REEK - 400 002,President,,,Write-ins,0,0,,0,
Mendocino,RADICAL RI DGE - 9995 51,President,,LIB,Chase Oliver,0,0,,0,
Mendocino,RADICAL RI DGE - 9995 51,President,,PFP,Claudia De la Cruz,0,0,,0,
Mendocino,RADICAL RI DGE - 9995 51,President,,REP,Donald Trump,3,0,,3,
Mendocino,RADICAL RI DGE - 9995 51,President,,GRN,Jill Stein,2,0,,2,
Mendocino,RADICAL RI DGE - 9995 51,President,,DEM,Kamala Harris,32,0,,32,
Mendocino,RADICAL RI DGE - 9995 51,President,,,Overvotes,0,0,,0,
Mendocino,RADICAL RI DGE - 9995 51,President,,AIP,Robert F. Kennedy Jr.,0,0,,0,
Mendocino,RADICAL RI DGE - 9995 51,President,,,Undervotes,2,0,,2,
Mendocino,RADICAL RI DGE - 9995 51,President,,,Write-ins,0,0,,0,
Mendocino,RANCH - 99 9552,President,,LIB,Chase Oliver,0,0,,0,
Mendocino,RANCH - 99 9552,President,,PFP,Claudia De la Cruz,0,0,,0,
Mendocino,RANCH - 99 9552,President,,REP,Donald Trump,0,0,,0,
Mendocino,RANCH - 99 9552,President,,GRN,Jill Stein,0,0,,0,
Mendocino,RANCH - 99 9552,President,,DEM,Kamala Harris,1,0,,1,
Mendocino,RANCH - 99 9552,President,,,Overvotes,0,0,,0,
Mendocino,RANCH - 99 9552,President,,AIP,Robert F. Kennedy Jr.,0,0,,0,
Mendocino,RANCH - 99 9552,President,,,Undervotes,0,0,,0,
Mendocino,RANCH - 99 9552,President,,,Write-ins,0,0,,0,
Mendocino,RANCHO N AVARRO - 999520,President,,LIB,Chase Oliver,1,0,,1,
Mendocino,RANCHO N AVARRO - 999520,President,,PFP,Claudia De la Cruz,0,0,,0,
Mendocino,RANCHO N AVARRO - 999520,President,,REP,Donald Trump,14,0,,14,
Mendocino,RANCHO N AVARRO - 999520,President,,GRN,Jill Stein,3,0,,3,
Mendocino,RANCHO N AVARRO - 999520,President,,DEM,Kamala Harris,51,3,,48,
Mendocino,RANCHO N AVARRO - 999520,President,,,Overvotes,0,0,,0,
Mendocino,RANCHO N AVARRO - 999520,President,,AIP,Robert F. Kennedy Jr.,0,0,,0,
Mendocino,RANCHO N AVARRO - 999520,President,,,Undervotes,4,0,,4,
Mendocino,RANCHO N AVARRO - 999520,President,,,Write-ins,0,0,,0,
Mendocino,RED MOUN TAIN CREE K - 999403,President,,LIB,Chase Oliver,0,0,,0,
Mendocino,RED MOUN TAIN CREE K - 999403,President,,PFP,Claudia De la Cruz,0,0,,0,
Mendocino,RED MOUN TAIN CREE K - 999403,President,,REP,Donald Trump,3,0,,3,
Mendocino,RED MOUN TAIN CREE K - 999403,President,,GRN,Jill Stein,0,0,,0,
Mendocino,RED MOUN TAIN CREE K - 999403,President,,DEM,Kamala Harris,13,0,,13,
Mendocino,RED MOUN TAIN CREE K - 999403,President,,,Overvotes,0,0,,0,
Mendocino,RED MOUN TAIN CREE K - 999403,President,,AIP,Robert F. Kennedy Jr.,0,0,,0,
Mendocino,RED MOUN TAIN CREE K - 999403,President,,,Undervotes,0,0,,0,
Mendocino,RED MOUN TAIN CREE K - 999403,President,,,Write-ins,0,0,,0,
Mendocino,REDWOOD - 300006,President,,LIB,Chase Oliver,7,0,,7,
Mendocino,REDWOOD - 300006,President,,PFP,Claudia De la Cruz,4,0,,4,
Mendocino,REDWOOD - 300006,President,,REP,Donald Trump,287,47,,240,
Mendocino,REDWOOD - 300006,President,,GRN,Jill Stein,11,1,,10,
Mendocino,REDWOOD - 300006,President,,DEM,Kamala Harris,476,38,,438,
Mendocino,REDWOOD - 300006,President,,,Overvotes,0,0,,0,
Mendocino,REDWOOD - 300006,President,,AIP,Robert F. Kennedy Jr.,16,1,,15,
Mendocino,REDWOOD - 300006,President,,,Undervotes,10,2,,8,
Mendocino,REDWOOD - 300006,President,,,Write-ins,0,0,,0,
Mendocino,REDWOOD CREEK - 99 9310,President,,LIB,Chase Oliver,0,0,,0,
Mendocino,REDWOOD CREEK - 99 9310,President,,PFP,Claudia De la Cruz,0,0,,0,
Mendocino,REDWOOD CREEK - 99 9310,President,,REP,Donald Trump,17,1,,16,
Mendocino,REDWOOD CREEK - 99 9310,President,,GRN,Jill Stein,0,0,,0,
Mendocino,REDWOOD CREEK - 99 9310,President,,DEM,Kamala Harris,31,4,,27,
Mendocino,REDWOOD CREEK - 99 9310,President,,,Overvotes,0,0,,0,
Mendocino,REDWOOD CREEK - 99 9310,President,,AIP,Robert F. Kennedy Jr.,1,0,,1,
Mendocino,REDWOOD CREEK - 99 9310,President,,,Undervotes,2,0,,2,
Mendocino,REDWOOD CREEK - 99 9310,President,,,Write-ins,0,0,,0,
Mendocino,REEVES CAN YON - 999 541,President,,LIB,Chase Oliver,0,0,,0,
Mendocino,REEVES CAN YON - 999 541,President,,PFP,Claudia De la Cruz,0,0,,0,
Mendocino,REEVES CAN YON - 999 541,President,,REP,Donald Trump,13,2,,11,
Mendocino,REEVES CAN YON - 999 541,President,,GRN,Jill Stein,0,0,,0,
Mendocino,REEVES CAN YON - 999 541,President,,DEM,Kamala Harris,12,0,,12,
Mendocino,REEVES CAN YON - 999 541,President,,,Overvotes,0,0,,0,
Mendocino,REEVES CAN YON - 999 541,President,,AIP,Robert F. Kennedy Jr.,2,0,,2,
Mendocino,REEVES CAN YON - 999 541,President,,,Undervotes,0,0,,0,
Mendocino,REEVES CAN YON - 999 541,President,,,Write-ins,0,0,,0,
Mendocino,RIDGE ROA D - 999135,President,,LIB,Chase Oliver,0,0,,0,
Mendocino,RIDGE ROA D - 999135,President,,PFP,Claudia De la Cruz,0,0,,0,
Mendocino,RIDGE ROA D - 999135,President,,REP,Donald Trump,0,0,,0,
Mendocino,RIDGE ROA D - 999135,President,,GRN,Jill Stein,0,0,,0,
Mendocino,RIDGE ROA D - 999135,President,,DEM,Kamala Harris,2,0,,2,
Mendocino,RIDGE ROA D - 999135,President,,,Overvotes,0,0,,0,
Mendocino,RIDGE ROA D - 999135,President,,AIP,Robert F. Kennedy Jr.,0,0,,0,
Mendocino,RIDGE ROA D - 999135,President,,,Undervotes,0,0,,0,
Mendocino,RIDGE ROA D - 999135,President,,,Write-ins,0,0,,0,
Mendocino,RIDGEWOOD - 999526,President,,LIB,Chase Oliver,0,0,,0,
Mendocino,RIDGEWOOD - 999526,President,,PFP,Claudia De la Cruz,1,0,,1,
Mendocino,RIDGEWOOD - 999526,President,,REP,Donald Trump,54,8,,46,
Mendocino,RIDGEWOOD - 999526,President,,GRN,Jill Stein,2,0,,2,
Mendocino,RIDGEWOOD - 999526,President,,DEM,Kamala Harris,131,2,,129,
Mendocino,RIDGEWOOD - 999526,President,,,Overvotes,0,0,,0,
Mendocino,RIDGEWOOD - 999526,President,,AIP,Robert F. Kennedy Jr.,5,0,,5,
Mendocino,RIDGEWOOD - 999526,President,,,Undervotes,1,0,,1,
Mendocino,RIDGEWOOD - 999526,President,,,Write-ins,0,0,,0,
Mendocino,RIVERDALE - 999305,President,,LIB,Chase Oliver,0,0,,0,
Mendocino,RIVERDALE - 999305,President,,PFP,Claudia De la Cruz,0,0,,0,
Mendocino,RIVERDALE - 999305,President,,REP,Donald Trump,7,0,,7,
Mendocino,RIVERDALE - 999305,President,,GRN,Jill Stein,2,1,,1,
Mendocino,RIVERDALE - 999305,President,,DEM,Kamala Harris,25,1,,24,
Mendocino,RIVERDALE - 999305,President,,,Overvotes,0,0,,0,
Mendocino,RIVERDALE - 999305,President,,AIP,Robert F. Kennedy Jr.,1,0,,1,
Mendocino,RIVERDALE - 999305,President,,,Undervotes,0,0,,0,
Mendocino,RIVERDALE - 999305,President,,,Write-ins,0,0,,0,
Mendocino,RIVERSIDE - 999103,President,,LIB,Chase Oliver,1,0,,1,
Mendocino,RIVERSIDE - 999103,President,,PFP,Claudia De la Cruz,0,0,,0,
Mendocino,RIVERSIDE - 999103,President,,REP,Donald Trump,43,0,,43,
Mendocino,RIVERSIDE - 999103,President,,GRN,Jill Stein,0,0,,0,
Mendocino,RIVERSIDE - 999103,President,,DEM,Kamala Harris,38,0,,38,
Mendocino,RIVERSIDE - 999103,President,,,Overvotes,0,0,,0,
Mendocino,RIVERSIDE - 999103,President,,AIP,Robert F. Kennedy Jr.,0,0,,0,
Mendocino,RIVERSIDE - 999103,President,,,Undervotes,1,0,,1,
Mendocino,RIVERSIDE - 999103,President,,,Write-ins,0,0,,0,
Mendocino,ROCKPORT - 999412,President,,LIB,Chase Oliver,0,0,,0,
Mendocino,ROCKPORT - 999412,President,,PFP,Claudia De la Cruz,0,0,,0,
Mendocino,ROCKPORT - 999412,President,,REP,Donald Trump,1,0,,1,
Mendocino,ROCKPORT - 999412,President,,GRN,Jill Stein,0,0,,0,
Mendocino,ROCKPORT - 999412,President,,DEM,Kamala Harris,0,0,,0,
Mendocino,ROCKPORT - 999412,President,,,Overvotes,0,0,,0,
Mendocino,ROCKPORT - 999412,President,,AIP,Robert F. Kennedy Jr.,0,0,,0,
Mendocino,ROCKPORT - 999412,President,,,Undervotes,0,0,,0,
Mendocino,ROCKPORT - 999412,President,,,Write-ins,0,0,,0,
Mendocino,ROEMER DA IRY - 9991 44,President,,LIB,Chase Oliver,0,0,,0,
Mendocino,ROEMER DA IRY - 9991 44,President,,PFP,Claudia De la Cruz,0,0,,0,
Mendocino,ROEMER DA IRY - 9991 44,President,,REP,Donald Trump,4,0,,4,
Mendocino,ROEMER DA IRY - 9991 44,President,,GRN,Jill Stein,0,0,,0,
Mendocino,ROEMER DA IRY - 9991 44,President,,DEM,Kamala Harris,0,0,,0,
Mendocino,ROEMER DA IRY - 9991 44,President,,,Overvotes,0,0,,0,
Mendocino,ROEMER DA IRY - 9991 44,President,,AIP,Robert F. Kennedy Jr.,0,0,,0,
Mendocino,ROEMER DA IRY - 9991 44,President,,,Undervotes,0,0,,0,
Mendocino,ROEMER DA IRY - 9991 44,President,,,Write-ins,0,0,,0,
Mendocino,ROGINA SO UTH - 100 006,President,,LIB,Chase Oliver,3,0,,3,
Mendocino,ROGINA SO UTH - 100 006,President,,PFP,Claudia De la Cruz,0,0,,0,
Mendocino,ROGINA SO UTH - 100 006,President,,REP,Donald Trump,202,18,,184,
Mendocino,ROGINA SO UTH - 100 006,President,,GRN,Jill Stein,9,0,,9,
Mendocino,ROGINA SO UTH - 100 006,President,,DEM,Kamala Harris,322,7,,315,
Mendocino,ROGINA SO UTH - 100 006,President,,,Overvotes,0,0,,0,
Mendocino,ROGINA SO UTH - 100 006,President,,AIP,Robert F. Kennedy Jr.,9,1,,8,
Mendocino,ROGINA SO UTH - 100 006,President,,,Undervotes,12,0,,12,
Mendocino,ROGINA SO UTH - 100 006,President,,,Write-ins,0,0,,0,
Mendocino,ROSE - 9992 03,President,,LIB,Chase Oliver,0,0,,0,
Mendocino,ROSE - 9992 03,President,,PFP,Claudia De la Cruz,1,0,,1,
Mendocino,ROSE - 9992 03,President,,REP,Donald Trump,48,1,,47,
Mendocino,ROSE - 9992 03,President,,GRN,Jill Stein,1,0,,1,
Mendocino,ROSE - 9992 03,President,,DEM,Kamala Harris,49,0,,49,
Mendocino,ROSE - 9992 03,President,,,Overvotes,0,0,,0,
Mendocino,ROSE - 9992 03,President,,AIP,Robert F. Kennedy Jr.,4,0,,4,
Mendocino,ROSE - 9992 03,President,,,Undervotes,1,0,,1,
Mendocino,ROSE - 9992 03,President,,,Write-ins,0,0,,0,
Mendocino,ROSEMAN - 500007,President,,LIB,Chase Oliver,2,0,,2,
Mendocino,ROSEMAN - 500007,President,,PFP,Claudia De la Cruz,2,1,,1,
Mendocino,ROSEMAN - 500007,President,,REP,Donald Trump,116,7,,109,
Mendocino,ROSEMAN - 500007,President,,GRN,Jill Stein,10,2,,8,
Mendocino,ROSEMAN - 500007,President,,DEM,Kamala Harris,512,16,,496,
Mendocino,ROSEMAN - 500007,President,,,Overvotes,0,0,,0,
Mendocino,ROSEMAN - 500007,President,,AIP,Robert F. Kennedy Jr.,10,0,,10,
Mendocino,ROSEMAN - 500007,President,,,Undervotes,6,0,,6,
Mendocino,ROSEMAN - 500007,President,,,Write-ins,0,0,,0,
Mendocino,ROUND VA LLEY - 9993 03,President,,LIB,Chase Oliver,0,0,,0,
Mendocino,ROUND VA LLEY - 9993 03,President,,PFP,Claudia De la Cruz,1,0,,1,
Mendocino,ROUND VA LLEY - 9993 03,President,,REP,Donald Trump,20,1,,19,
Mendocino,ROUND VA LLEY - 9993 03,President,,GRN,Jill Stein,4,0,,4,
Mendocino,ROUND VA LLEY - 9993 03,President,,DEM,Kamala Harris,58,1,,57,
Mendocino,ROUND VA LLEY - 9993 03,President,,,Overvotes,1,0,,1,
Mendocino,ROUND VA LLEY - 9993 03,President,,AIP,Robert F. Kennedy Jr.,1,1,,0,
Mendocino,ROUND VA LLEY - 9993 03,President,,,Undervotes,6,0,,6,
Mendocino,ROUND VA LLEY - 9993 03,President,,,Write-ins,0,0,,0,
Mendocino,RUSSEL BRO OK - 9995 48,President,,LIB,Chase Oliver,0,0,,0,
Mendocino,RUSSEL BRO OK - 9995 48,President,,PFP,Claudia De la Cruz,0,0,,0,
Mendocino,RUSSEL BRO OK - 9995 48,President,,REP,Donald Trump,0,0,,0,
Mendocino,RUSSEL BRO OK - 9995 48,President,,GRN,Jill Stein,2,0,,2,
Mendocino,RUSSEL BRO OK - 9995 48,President,,DEM,Kamala Harris,2,0,,2,
Mendocino,RUSSEL BRO OK - 9995 48,President,,,Overvotes,0,0,,0,
Mendocino,RUSSEL BRO OK - 9995 48,President,,AIP,Robert F. Kennedy Jr.,0,0,,0,
Mendocino,RUSSEL BRO OK - 9995 48,President,,,Undervotes,0,0,,0,
Mendocino,RUSSEL BRO OK - 9995 48,President,,,Write-ins,0,0,,0,
Mendocino,RUSSIAN G ULCH - 400 006,President,,LIB,Chase Oliver,3,0,,3,
Mendocino,RUSSIAN G ULCH - 400 006,President,,PFP,Claudia De la Cruz,1,0,,1,
Mendocino,RUSSIAN G ULCH - 400 006,President,,REP,Donald Trump,56,2,,54,
Mendocino,RUSSIAN G ULCH - 400 006,President,,GRN,Jill Stein,5,0,,5,
Mendocino,RUSSIAN G ULCH - 400 006,President,,DEM,Kamala Harris,284,9,,275,
Mendocino,RUSSIAN G ULCH - 400 006,President,,,Overvotes,0,0,,0,
Mendocino,RUSSIAN G ULCH - 400 006,President,,AIP,Robert F. Kennedy Jr.,6,3,,3,
Mendocino,RUSSIAN G ULCH - 400 006,President,,,Undervotes,3,0,,3,
Mendocino,RUSSIAN G ULCH - 400 006,President,,,Write-ins,0,0,,0,
Mendocino,RUSSIAN RI VER - 9995 30,President,,LIB,Chase Oliver,0,0,,0,
Mendocino,RUSSIAN RI VER - 9995 30,President,,PFP,Claudia De la Cruz,0,0,,0,
Mendocino,RUSSIAN RI VER - 9995 30,President,,REP,Donald Trump,5,1,,4,
Mendocino,RUSSIAN RI VER - 9995 30,President,,GRN,Jill Stein,0,0,,0,
Mendocino,RUSSIAN RI VER - 9995 30,President,,DEM,Kamala Harris,14,0,,14,
Mendocino,RUSSIAN RI VER - 9995 30,President,,,Overvotes,0,0,,0,
Mendocino,RUSSIAN RI VER - 9995 30,President,,AIP,Robert F. Kennedy Jr.,1,0,,1,
Mendocino,RUSSIAN RI VER - 9995 30,President,,,Undervotes,1,0,,1,
Mendocino,RUSSIAN RI VER - 9995 30,President,,,Write-ins,0,0,,0,
Mendocino,SAN JACINT A - 999211,President,,LIB,Chase Oliver,1,0,,1,
Mendocino,SAN JACINT A - 999211,President,,PFP,Claudia De la Cruz,1,0,,1,
Mendocino,SAN JACINT A - 999211,President,,REP,Donald Trump,78,4,,74,
Mendocino,SAN JACINT A - 999211,President,,GRN,Jill Stein,3,0,,3,
Mendocino,SAN JACINT A - 999211,President,,DEM,Kamala Harris,145,6,,139,
Mendocino,SAN JACINT A - 999211,President,,,Overvotes,0,0,,0,
Mendocino,SAN JACINT A - 999211,President,,AIP,Robert F. Kennedy Jr.,3,1,,2,
Mendocino,SAN JACINT A - 999211,President,,,Undervotes,6,0,,6,
Mendocino,SAN JACINT A - 999211,President,,,Write-ins,0,0,,0,
Mendocino,SCENIC WA Y - 999110,President,,LIB,Chase Oliver,1,0,,1,
Mendocino,SCENIC WA Y - 999110,President,,PFP,Claudia De la Cruz,0,0,,0,
Mendocino,SCENIC WA Y - 999110,President,,REP,Donald Trump,64,4,,60,
Mendocino,SCENIC WA Y - 999110,President,,GRN,Jill Stein,0,0,,0,
Mendocino,SCENIC WA Y - 999110,President,,DEM,Kamala Harris,78,1,,77,
Mendocino,SCENIC WA Y - 999110,President,,,Overvotes,0,0,,0,
Mendocino,SCENIC WA Y - 999110,President,,AIP,Robert F. Kennedy Jr.,2,0,,2,
Mendocino,SCENIC WA Y - 999110,President,,,Undervotes,1,0,,1,
Mendocino,SCENIC WA Y - 999110,President,,,Write-ins,0,0,,0,
Mendocino,SCHOOLHOUSE - 5000 02,President,,LIB,Chase Oliver,0,0,,0,
Mendocino,SCHOOLHOUSE - 5000 02,President,,PFP,Claudia De la Cruz,2,1,,1,
Mendocino,SCHOOLHOUSE - 5000 02,President,,REP,Donald Trump,53,12,,41,
Mendocino,SCHOOLHOUSE - 5000 02,President,,GRN,Jill Stein,8,0,,8,
Mendocino,SCHOOLHOUSE - 5000 02,President,,DEM,Kamala Harris,364,19,,345,
Mendocino,SCHOOLHOUSE - 5000 02,President,,,Overvotes,0,0,,0,
Mendocino,SCHOOLHOUSE - 5000 02,President,,AIP,Robert F. Kennedy Jr.,7,1,,6,
Mendocino,SCHOOLHOUSE - 5000 02,President,,,Undervotes,7,1,,6,
Mendocino,SCHOOLHOUSE - 5000 02,President,,,Write-ins,1,0,,1,
Mendocino,SCHOONER LANDING - 999563,President,,LIB,Chase Oliver,0,0,,0,
Mendocino,SCHOONER LANDING - 999563,President,,PFP,Claudia De la Cruz,0,0,,0,
Mendocino,SCHOONER LANDING - 999563,President,,REP,Donald Trump,23,1,,22,
Mendocino,SCHOONER LANDING - 999563,President,,GRN,Jill Stein,4,1,,3,
Mendocino,SCHOONER LANDING - 999563,President,,DEM,Kamala Harris,108,2,,106,
Mendocino,SCHOONER LANDING - 999563,President,,,Overvotes,0,0,,0,
Mendocino,SCHOONER LANDING - 999563,President,,AIP,Robert F. Kennedy Jr.,1,0,,1,
Mendocino,SCHOONER LANDING - 999563,President,,,Undervotes,0,0,,0,
Mendocino,SCHOONER LANDING - 999563,President,,,Write-ins,0,0,,0,
Mendocino,SEMINARY - 999204,President,,LIB,Chase Oliver,5,0,,5,
Mendocino,SEMINARY - 999204,President,,PFP,Claudia De la Cruz,6,0,,6,
Mendocino,SEMINARY - 999204,President,,REP,Donald Trump,162,17,,145,
Mendocino,SEMINARY - 999204,President,,GRN,Jill Stein,8,0,,8,
Mendocino,SEMINARY - 999204,President,,DEM,Kamala Harris,356,11,,345,
Mendocino,SEMINARY - 999204,President,,,Overvotes,3,0,,3,
Mendocino,SEMINARY - 999204,President,,AIP,Robert F. Kennedy Jr.,13,0,,13,
Mendocino,SEMINARY - 999204,President,,,Undervotes,9,0,,9,
Mendocino,SEMINARY - 999204,President,,,Write-ins,0,0,,0,
Mendocino,SHERWOOD - 999314,President,,LIB,Chase Oliver,1,0,,1,
Mendocino,SHERWOOD - 999314,President,,PFP,Claudia De la Cruz,0,0,,0,
Mendocino,SHERWOOD - 999314,President,,REP,Donald Trump,40,6,,34,
Mendocino,SHERWOOD - 999314,President,,GRN,Jill Stein,4,0,,4,
Mendocino,SHERWOOD - 999314,President,,DEM,Kamala Harris,140,6,,134,
Mendocino,SHERWOOD - 999314,President,,,Overvotes,0,0,,0,
Mendocino,SHERWOOD - 999314,President,,AIP,Robert F. Kennedy Jr.,3,1,,2,
Mendocino,SHERWOOD - 999314,President,,,Undervotes,1,0,,1,
Mendocino,SHERWOOD - 999314,President,,,Write-ins,0,0,,0,
Mendocino,SIDNIE - 99 9218,President,,LIB,Chase Oliver,0,0,,0,
Mendocino,SIDNIE - 99 9218,President,,PFP,Claudia De la Cruz,0,0,,0,
Mendocino,SIDNIE - 99 9218,President,,REP,Donald Trump,31,2,,29,
Mendocino,SIDNIE - 99 9218,President,,GRN,Jill Stein,0,0,,0,
Mendocino,SIDNIE - 99 9218,President,,DEM,Kamala Harris,28,0,,28,
Mendocino,SIDNIE - 99 9218,President,,,Overvotes,0,0,,0,
Mendocino,SIDNIE - 99 9218,President,,AIP,Robert F. Kennedy Jr.,0,0,,0,
Mendocino,SIDNIE - 99 9218,President,,,Undervotes,1,0,,1,
Mendocino,SIDNIE - 99 9218,President,,,Write-ins,0,0,,0,
Mendocino,SIGNAL CRE EK - 99953 7,President,,LIB,Chase Oliver,0,0,,0,
Mendocino,SIGNAL CRE EK - 99953 7,President,,PFP,Claudia De la Cruz,0,0,,0,
Mendocino,SIGNAL CRE EK - 99953 7,President,,REP,Donald Trump,3,0,,3,
Mendocino,SIGNAL CRE EK - 99953 7,President,,GRN,Jill Stein,0,0,,0,
Mendocino,SIGNAL CRE EK - 99953 7,President,,DEM,Kamala Harris,1,1,,0,
Mendocino,SIGNAL CRE EK - 99953 7,President,,,Overvotes,0,0,,0,
Mendocino,SIGNAL CRE EK - 99953 7,President,,AIP,Robert F. Kennedy Jr.,0,0,,0,
Mendocino,SIGNAL CRE EK - 99953 7,President,,,Undervotes,0,0,,0,
Mendocino,SIGNAL CRE EK - 99953 7,President,,,Write-ins,0,0,,0,
Mendocino,SIGNAL RID GE - 99954 5,President,,LIB,Chase Oliver,0,0,,0,
Mendocino,SIGNAL RID GE - 99954 5,President,,PFP,Claudia De la Cruz,0,0,,0,
Mendocino,SIGNAL RID GE - 99954 5,President,,REP,Donald Trump,0,0,,0,
Mendocino,SIGNAL RID GE - 99954 5,President,,GRN,Jill Stein,0,0,,0,
Mendocino,SIGNAL RID GE - 99954 5,President,,DEM,Kamala Harris,2,0,,2,
Mendocino,SIGNAL RID GE - 99954 5,President,,,Overvotes,0,0,,0,
Mendocino,SIGNAL RID GE - 99954 5,President,,AIP,Robert F. Kennedy Jr.,0,0,,0,
Mendocino,SIGNAL RID GE - 99954 5,President,,,Undervotes,0,0,,0,
Mendocino,SIGNAL RID GE - 99954 5,President,,,Write-ins,0,0,,0,
Mendocino,SOUTH DO OLIN - 999 550,President,,LIB,Chase Oliver,1,0,,1,
Mendocino,SOUTH DO OLIN - 999 550,President,,PFP,Claudia De la Cruz,0,0,,0,
Mendocino,SOUTH DO OLIN - 999 550,President,,REP,Donald Trump,0,0,,0,
Mendocino,SOUTH DO OLIN - 999 550,President,,GRN,Jill Stein,0,0,,0,
Mendocino,SOUTH DO OLIN - 999 550,President,,DEM,Kamala Harris,5,0,,5,
Mendocino,SOUTH DO OLIN - 999 550,President,,,Overvotes,0,0,,0,
Mendocino,SOUTH DO OLIN - 999 550,President,,AIP,Robert F. Kennedy Jr.,0,0,,0,
Mendocino,SOUTH DO OLIN - 999 550,President,,,Undervotes,0,0,,0,
Mendocino,SOUTH DO OLIN - 999 550,President,,,Write-ins,0,0,,0,
Mendocino,SOUTH MAI N - 20000 3,President,,LIB,Chase Oliver,2,0,,2,
Mendocino,SOUTH MAI N - 20000 3,President,,PFP,Claudia De la Cruz,5,0,,5,
Mendocino,SOUTH MAI N - 20000 3,President,,REP,Donald Trump,137,16,,121,
Mendocino,SOUTH MAI N - 20000 3,President,,GRN,Jill Stein,7,0,,7,
Mendocino,SOUTH MAI N - 20000 3,President,,DEM,Kamala Harris,238,16,,222,
Mendocino,SOUTH MAI N - 20000 3,President,,,Overvotes,0,0,,0,
Mendocino,SOUTH MAI N - 20000 3,President,,AIP,Robert F. Kennedy Jr.,8,1,,7,
Mendocino,SOUTH MAI N - 20000 3,President,,,Undervotes,9,0,,9,
Mendocino,SOUTH MAI N - 20000 3,President,,,Write-ins,0,0,,0,
Mendocino,SOUTH TOM KI - 9991 46,President,,LIB,Chase Oliver,0,0,,0,
Mendocino,SOUTH TOM KI - 9991 46,President,,PFP,Claudia De la Cruz,0,0,,0,
Mendocino,SOUTH TOM KI - 9991 46,President,,REP,Donald Trump,2,0,,2,
Mendocino,SOUTH TOM KI - 9991 46,President,,GRN,Jill Stein,0,0,,0,
Mendocino,SOUTH TOM KI - 9991 46,President,,DEM,Kamala Harris,8,0,,8,
Mendocino,SOUTH TOM KI - 9991 46,President,,,Overvotes,0,0,,0,
Mendocino,SOUTH TOM KI - 9991 46,President,,AIP,Robert F. Kennedy Jr.,1,0,,1,
Mendocino,SOUTH TOM KI - 9991 46,President,,,Undervotes,0,0,,0,
Mendocino,SOUTH TOM KI - 9991 46,President,,,Write-ins,0,0,,0,
Mendocino,SOUTH WIL LOW - 999 130,President,,LIB,Chase Oliver,1,0,,1,
Mendocino,SOUTH WIL LOW - 999 130,President,,PFP,Claudia De la Cruz,0,0,,0,
Mendocino,SOUTH WIL LOW - 999 130,President,,REP,Donald Trump,4,1,,3,
Mendocino,SOUTH WIL LOW - 999 130,President,,GRN,Jill Stein,0,0,,0,
Mendocino,SOUTH WIL LOW - 999 130,President,,DEM,Kamala Harris,4,0,,4,
Mendocino,SOUTH WIL LOW - 999 130,President,,,Overvotes,0,0,,0,
Mendocino,SOUTH WIL LOW - 999 130,President,,AIP,Robert F. Kennedy Jr.,3,0,,3,
Mendocino,SOUTH WIL LOW - 999 130,President,,,Undervotes,1,1,,0,
Mendocino,SOUTH WIL LOW - 999 130,President,,,Write-ins,0,0,,0,
Mendocino,SPANISH M OUNTAIN - 999531,President,,LIB,Chase Oliver,0,0,,0,
Mendocino,SPANISH M OUNTAIN - 999531,President,,PFP,Claudia De la Cruz,0,0,,0,
Mendocino,SPANISH M OUNTAIN - 999531,President,,REP,Donald Trump,0,0,,0,
Mendocino,SPANISH M OUNTAIN - 999531,President,,GRN,Jill Stein,0,0,,0,
Mendocino,SPANISH M OUNTAIN - 999531,President,,DEM,Kamala Harris,10,0,,10,
Mendocino,SPANISH M OUNTAIN - 999531,President,,,Overvotes,0,0,,0,
Mendocino,SPANISH M OUNTAIN - 999531,President,,AIP,Robert F. Kennedy Jr.,0,0,,0,
Mendocino,SPANISH M OUNTAIN - 999531,President,,,Undervotes,2,0,,2,
Mendocino,SPANISH M OUNTAIN - 999531,President,,,Write-ins,0,0,,0,
Mendocino,SPORTSMAN CREEK - 999102,President,,LIB,Chase Oliver,2,0,,2,
Mendocino,SPORTSMAN CREEK - 999102,President,,PFP,Claudia De la Cruz,1,0,,1,
Mendocino,SPORTSMAN CREEK - 999102,President,,REP,Donald Trump,164,9,,155,
Mendocino,SPORTSMAN CREEK - 999102,President,,GRN,Jill Stein,5,0,,5,
Mendocino,SPORTSMAN CREEK - 999102,President,,DEM,Kamala Harris,196,6,,190,
Mendocino,SPORTSMAN CREEK - 999102,President,,,Overvotes,0,0,,0,
Mendocino,SPORTSMAN CREEK - 999102,President,,AIP,Robert F. Kennedy Jr.,4,2,,2,
Mendocino,SPORTSMAN CREEK - 999102,President,,,Undervotes,7,0,,7,
Mendocino,SPORTSMAN CREEK - 999102,President,,,Write-ins,0,0,,0,
Mendocino,SPYROCK - 999432,President,,LIB,Chase Oliver,0,0,,0,
Mendocino,SPYROCK - 999432,President,,PFP,Claudia De la Cruz,0,0,,0,
Mendocino,SPYROCK - 999432,President,,REP,Donald Trump,12,2,,10,
Mendocino,SPYROCK - 999432,President,,GRN,Jill Stein,0,0,,0,
Mendocino,SPYROCK - 999432,President,,DEM,Kamala Harris,19,1,,18,
Mendocino,SPYROCK - 999432,President,,,Overvotes,0,0,,0,
Mendocino,SPYROCK - 999432,President,,AIP,Robert F. Kennedy Jr.,0,0,,0,
Mendocino,SPYROCK - 999432,President,,,Undervotes,0,0,,0,
Mendocino,SPYROCK - 999432,President,,,Write-ins,0,0,,0,
Mendocino,SULPHUR C REEK - 999 134,President,,LIB,Chase Oliver,0,0,,0,
Mendocino,SULPHUR C REEK - 999 134,President,,PFP,Claudia De la Cruz,0,0,,0,
Mendocino,SULPHUR C REEK - 999 134,President,,REP,Donald Trump,8,0,,8,
Mendocino,SULPHUR C REEK - 999 134,President,,GRN,Jill Stein,0,0,,0,
Mendocino,SULPHUR C REEK - 999 134,President,,DEM,Kamala Harris,0,0,,0,
Mendocino,SULPHUR C REEK - 999 134,President,,,Overvotes,0,0,,0,
Mendocino,SULPHUR C REEK - 999 134,President,,AIP,Robert F. Kennedy Jr.,0,0,,0,
Mendocino,SULPHUR C REEK - 999 134,President,,,Undervotes,0,0,,0,
Mendocino,SULPHUR C REEK - 999 134,President,,,Write-ins,0,0,,0,
Mendocino,SURFWOOD - 500001,President,,LIB,Chase Oliver,1,0,,1,
Mendocino,SURFWOOD - 500001,President,,PFP,Claudia De la Cruz,0,0,,0,
Mendocino,SURFWOOD - 500001,President,,REP,Donald Trump,52,6,,46,
Mendocino,SURFWOOD - 500001,President,,GRN,Jill Stein,5,0,,5,
Mendocino,SURFWOOD - 500001,President,,DEM,Kamala Harris,173,11,,162,
Mendocino,SURFWOOD - 500001,President,,,Overvotes,1,0,,1,
Mendocino,SURFWOOD - 500001,President,,AIP,Robert F. Kennedy Jr.,2,0,,2,
Mendocino,SURFWOOD - 500001,President,,,Undervotes,5,1,,4,
Mendocino,SURFWOOD - 500001,President,,,Write-ins,0,0,,0,
Mendocino,SWAMP GU LCH - 9993 15,President,,LIB,Chase Oliver,0,0,,0,
Mendocino,SWAMP GU LCH - 9993 15,President,,PFP,Claudia De la Cruz,0,0,,0,
Mendocino,SWAMP GU LCH - 9993 15,President,,REP,Donald Trump,20,2,,18,
Mendocino,SWAMP GU LCH - 9993 15,President,,GRN,Jill Stein,7,1,,6,
Mendocino,SWAMP GU LCH - 9993 15,President,,DEM,Kamala Harris,58,3,,55,
Mendocino,SWAMP GU LCH - 9993 15,President,,,Overvotes,0,0,,0,
Mendocino,SWAMP GU LCH - 9993 15,President,,AIP,Robert F. Kennedy Jr.,1,0,,1,
Mendocino,SWAMP GU LCH - 9993 15,President,,,Undervotes,0,0,,0,
Mendocino,SWAMP GU LCH - 9993 15,President,,,Write-ins,0,0,,0,
Mendocino,TALMAGE - 100008,President,,LIB,Chase Oliver,1,1,,0,
Mendocino,TALMAGE - 100008,President,,PFP,Claudia De la Cruz,5,0,,5,
Mendocino,TALMAGE - 100008,President,,REP,Donald Trump,151,10,,141,
Mendocino,TALMAGE - 100008,President,,GRN,Jill Stein,5,1,,4,
Mendocino,TALMAGE - 100008,President,,DEM,Kamala Harris,200,15,,185,
Mendocino,TALMAGE - 100008,President,,,Overvotes,0,0,,0,
Mendocino,TALMAGE - 100008,President,,AIP,Robert F. Kennedy Jr.,6,2,,4,
Mendocino,TALMAGE - 100008,President,,,Undervotes,6,0,,6,
Mendocino,TALMAGE - 100008,President,,,Write-ins,0,0,,0,
Mendocino,TEDFORD - 999221,President,,LIB,Chase Oliver,0,0,,0,
Mendocino,TEDFORD - 999221,President,,PFP,Claudia De la Cruz,0,0,,0,
Mendocino,TEDFORD - 999221,President,,REP,Donald Trump,78,1,,77,
Mendocino,TEDFORD - 999221,President,,GRN,Jill Stein,3,1,,2,
Mendocino,TEDFORD - 999221,President,,DEM,Kamala Harris,91,8,,83,
Mendocino,TEDFORD - 999221,President,,,Overvotes,0,0,,0,
Mendocino,TEDFORD - 999221,President,,AIP,Robert F. Kennedy Jr.,2,0,,2,
Mendocino,TEDFORD - 999221,President,,,Undervotes,3,1,,2,
Mendocino,TEDFORD - 999221,President,,,Write-ins,0,0,,0,
Mendocino,TOKAY - 99 9224,President,,LIB,Chase Oliver,0,0,,0,
Mendocino,TOKAY - 99 9224,President,,PFP,Claudia De la Cruz,0,0,,0,
Mendocino,TOKAY - 99 9224,President,,REP,Donald Trump,65,3,,62,
Mendocino,TOKAY - 99 9224,President,,GRN,Jill Stein,0,0,,0,
Mendocino,TOKAY - 99 9224,President,,DEM,Kamala Harris,85,0,,85,
Mendocino,TOKAY - 99 9224,President,,,Overvotes,0,0,,0,
Mendocino,TOKAY - 99 9224,President,,AIP,Robert F. Kennedy Jr.,2,0,,2,
Mendocino,TOKAY - 99 9224,President,,,Undervotes,4,0,,4,
Mendocino,TOKAY - 99 9224,President,,,Write-ins,0,0,,0,
Mendocino,TOMKI - 99 9109,President,,LIB,Chase Oliver,2,0,,2,
Mendocino,TOMKI - 99 9109,President,,PFP,Claudia De la Cruz,1,0,,1,
Mendocino,TOMKI - 99 9109,President,,REP,Donald Trump,79,7,,72,
Mendocino,TOMKI - 99 9109,President,,GRN,Jill Stein,6,0,,6,
Mendocino,TOMKI - 99 9109,President,,DEM,Kamala Harris,108,4,,104,
Mendocino,TOMKI - 99 9109,President,,,Overvotes,0,0,,0,
Mendocino,TOMKI - 99 9109,President,,AIP,Robert F. Kennedy Jr.,1,0,,1,
Mendocino,TOMKI - 99 9109,President,,,Undervotes,7,0,,7,
Mendocino,TOMKI - 99 9109,President,,,Write-ins,0,0,,0,
Mendocino,TURNER - 4 00005,President,,LIB,Chase Oliver,4,0,,4,
Mendocino,TURNER - 4 00005,President,,PFP,Claudia De la Cruz,3,0,,3,
Mendocino,TURNER - 4 00005,President,,REP,Donald Trump,211,14,,197,
Mendocino,TURNER - 4 00005,President,,GRN,Jill Stein,10,2,,8,
Mendocino,TURNER - 4 00005,President,,DEM,Kamala Harris,586,23,,563,
Mendocino,TURNER - 4 00005,President,,,Overvotes,2,0,,2,
Mendocino,TURNER - 4 00005,President,,AIP,Robert F. Kennedy Jr.,8,0,,8,
Mendocino,TURNER - 4 00005,President,,,Undervotes,8,0,,8,
Mendocino,TURNER - 4 00005,President,,,Write-ins,0,0,,0,
Mendocino,TWIN ROCK - 999404,President,,LIB,Chase Oliver,1,0,,1,
Mendocino,TWIN ROCK - 999404,President,,PFP,Claudia De la Cruz,1,0,,1,
Mendocino,TWIN ROCK - 999404,President,,REP,Donald Trump,60,0,,60,
Mendocino,TWIN ROCK - 999404,President,,GRN,Jill Stein,5,0,,5,
Mendocino,TWIN ROCK - 999404,President,,DEM,Kamala Harris,94,2,,92,
Mendocino,TWIN ROCK - 999404,President,,,Overvotes,0,0,,0,
Mendocino,TWIN ROCK - 999404,President,,AIP,Robert F. Kennedy Jr.,6,0,,6,
Mendocino,TWIN ROCK - 999404,President,,,Undervotes,5,0,,5,
Mendocino,TWIN ROCK - 999404,President,,,Write-ins,0,0,,0,
Mendocino,UKIAH NOR TH - 5000 09,President,,LIB,Chase Oliver,4,1,,3,
Mendocino,UKIAH NOR TH - 5000 09,President,,PFP,Claudia De la Cruz,0,0,,0,
Mendocino,UKIAH NOR TH - 5000 09,President,,REP,Donald Trump,88,4,,84,
Mendocino,UKIAH NOR TH - 5000 09,President,,GRN,Jill Stein,1,0,,1,
Mendocino,UKIAH NOR TH - 5000 09,President,,DEM,Kamala Harris,160,4,,156,
Mendocino,UKIAH NOR TH - 5000 09,President,,,Overvotes,1,0,,1,
Mendocino,UKIAH NOR TH - 5000 09,President,,AIP,Robert F. Kennedy Jr.,5,0,,5,
Mendocino,UKIAH NOR TH - 5000 09,President,,,Undervotes,6,0,,6,
Mendocino,UKIAH NOR TH - 5000 09,President,,,Write-ins,0,0,,0,
Mendocino,USUAL - 99 9422,President,,LIB,Chase Oliver,0,0,,0,
Mendocino,USUAL - 99 9422,President,,PFP,Claudia De la Cruz,0,0,,0,
Mendocino,USUAL - 99 9422,President,,REP,Donald Trump,0,0,,0,
Mendocino,USUAL - 99 9422,President,,GRN,Jill Stein,0,0,,0,
Mendocino,USUAL - 99 9422,President,,DEM,Kamala Harris,1,0,,1,
Mendocino,USUAL - 99 9422,President,,,Overvotes,0,0,,0,
Mendocino,USUAL - 99 9422,President,,AIP,Robert F. Kennedy Jr.,0,0,,0,
Mendocino,USUAL - 99 9422,President,,,Undervotes,0,0,,0,
Mendocino,USUAL - 99 9422,President,,,Write-ins,0,0,,0,
Mendocino,VICHY SPRI NGS - 9991 18,President,,LIB,Chase Oliver,0,0,,0,
Mendocino,VICHY SPRI NGS - 9991 18,President,,PFP,Claudia De la Cruz,0,0,,0,
Mendocino,VICHY SPRI NGS - 9991 18,President,,REP,Donald Trump,8,0,,8,
Mendocino,VICHY SPRI NGS - 9991 18,President,,GRN,Jill Stein,0,0,,0,
Mendocino,VICHY SPRI NGS - 9991 18,President,,DEM,Kamala Harris,4,0,,4,
Mendocino,VICHY SPRI NGS - 9991 18,President,,,Overvotes,0,0,,0,
Mendocino,VICHY SPRI NGS - 9991 18,President,,AIP,Robert F. Kennedy Jr.,0,0,,0,
Mendocino,VICHY SPRI NGS - 9991 18,President,,,Undervotes,3,0,,3,
Mendocino,VICHY SPRI NGS - 9991 18,President,,,Write-ins,0,0,,0,
Mendocino,VINEWOOD - 999212,President,,LIB,Chase Oliver,1,0,,1,
Mendocino,VINEWOOD - 999212,President,,PFP,Claudia De la Cruz,4,0,,4,
Mendocino,VINEWOOD - 999212,President,,REP,Donald Trump,188,14,,174,
Mendocino,VINEWOOD - 999212,President,,GRN,Jill Stein,8,0,,8,
Mendocino,VINEWOOD - 999212,President,,DEM,Kamala Harris,301,13,,288,
Mendocino,VINEWOOD - 999212,President,,,Overvotes,1,0,,1,
Mendocino,VINEWOOD - 999212,President,,AIP,Robert F. Kennedy Jr.,14,0,,14,
Mendocino,VINEWOOD - 999212,President,,,Undervotes,8,1,,7,
Mendocino,VINEWOOD - 999212,President,,,Write-ins,1,0,,1,
Mendocino,VINEYARD OAKS - 999 138,President,,LIB,Chase Oliver,0,0,,0,
Mendocino,VINEYARD OAKS - 999 138,President,,PFP,Claudia De la Cruz,0,0,,0,
Mendocino,VINEYARD OAKS - 999 138,President,,REP,Donald Trump,11,1,,10,
Mendocino,VINEYARD OAKS - 999 138,President,,GRN,Jill Stein,0,0,,0,
Mendocino,VINEYARD OAKS - 999 138,President,,DEM,Kamala Harris,3,0,,3,
Mendocino,VINEYARD OAKS - 999 138,President,,,Overvotes,0,0,,0,
Mendocino,VINEYARD OAKS - 999 138,President,,AIP,Robert F. Kennedy Jr.,0,0,,0,
Mendocino,VINEYARD OAKS - 999 138,President,,,Undervotes,1,0,,1,
Mendocino,VINEYARD OAKS - 999 138,President,,,Write-ins,0,0,,0,
Mendocino,VINEYARD VIEW - 999 529,President,,LIB,Chase Oliver,0,0,,0,
Mendocino,VINEYARD VIEW - 999 529,President,,PFP,Claudia De la Cruz,0,0,,0,
Mendocino,VINEYARD VIEW - 999 529,President,,REP,Donald Trump,0,0,,0,
Mendocino,VINEYARD VIEW - 999 529,President,,GRN,Jill Stein,0,0,,0,
Mendocino,VINEYARD VIEW - 999 529,President,,DEM,Kamala Harris,3,0,,3,
Mendocino,VINEYARD VIEW - 999 529,President,,,Overvotes,0,0,,0,
Mendocino,VINEYARD VIEW - 999 529,President,,AIP,Robert F. Kennedy Jr.,0,0,,0,
Mendocino,VINEYARD VIEW - 999 529,President,,,Undervotes,0,0,,0,
Mendocino,VINEYARD VIEW - 999 529,President,,,Write-ins,0,0,,0,
Mendocino,WALKER - 3 00003,President,,LIB,Chase Oliver,1,0,,1,
Mendocino,WALKER - 3 00003,President,,PFP,Claudia De la Cruz,1,0,,1,
Mendocino,WALKER - 3 00003,President,,REP,Donald Trump,206,26,,180,
Mendocino,WALKER - 3 00003,President,,GRN,Jill Stein,4,0,,4,
Mendocino,WALKER - 3 00003,President,,DEM,Kamala Harris,321,19,,302,
Mendocino,WALKER - 3 00003,President,,,Overvotes,1,0,,1,
Mendocino,WALKER - 3 00003,President,,AIP,Robert F. Kennedy Jr.,12,1,,11,
Mendocino,WALKER - 3 00003,President,,,Undervotes,4,0,,4,
Mendocino,WALKER - 3 00003,President,,,Write-ins,0,0,,0,
Mendocino,WALNUT - 999214,President,,LIB,Chase Oliver,2,0,,2,
Mendocino,WALNUT - 999214,President,,PFP,Claudia De la Cruz,2,0,,2,
Mendocino,WALNUT - 999214,President,,REP,Donald Trump,117,1,,116,
Mendocino,WALNUT - 999214,President,,GRN,Jill Stein,5,0,,5,
Mendocino,WALNUT - 999214,President,,DEM,Kamala Harris,283,6,,277,
Mendocino,WALNUT - 999214,President,,,Overvotes,0,0,,0,
Mendocino,WALNUT - 999214,President,,AIP,Robert F. Kennedy Jr.,7,0,,7,
Mendocino,WALNUT - 999214,President,,,Undervotes,3,0,,3,
Mendocino,WALNUT - 999214,President,,,Write-ins,0,0,,0,
Mendocino,WARD MOU NTAIN - 9 99534,President,,LIB,Chase Oliver,0,0,,0,
Mendocino,WARD MOU NTAIN - 9 99534,President,,PFP,Claudia De la Cruz,0,0,,0,
Mendocino,WARD MOU NTAIN - 9 99534,President,,REP,Donald Trump,1,0,,1,
Mendocino,WARD MOU NTAIN - 9 99534,President,,GRN,Jill Stein,0,0,,0,
Mendocino,WARD MOU NTAIN - 9 99534,President,,DEM,Kamala Harris,5,0,,5,
Mendocino,WARD MOU NTAIN - 9 99534,President,,,Overvotes,0,0,,0,
Mendocino,WARD MOU NTAIN - 9 99534,President,,AIP,Robert F. Kennedy Jr.,0,0,,0,
Mendocino,WARD MOU NTAIN - 9 99534,President,,,Undervotes,0,0,,0,
Mendocino,WARD MOU NTAIN - 9 99534,President,,,Write-ins,0,0,,0,
Mendocino,WASHINGTON - 9992 06,President,,LIB,Chase Oliver,0,0,,0,
Mendocino,WASHINGTON - 9992 06,President,,PFP,Claudia De la Cruz,0,0,,0,
Mendocino,WASHINGTON - 9992 06,President,,REP,Donald Trump,26,0,,26,
Mendocino,WASHINGTON - 9992 06,President,,GRN,Jill Stein,0,0,,0,
Mendocino,WASHINGTON - 9992 06,President,,DEM,Kamala Harris,55,2,,53,
Mendocino,WASHINGTON - 9992 06,President,,,Overvotes,0,0,,0,
Mendocino,WASHINGTON - 9992 06,President,,AIP,Robert F. Kennedy Jr.,4,0,,4,
Mendocino,WASHINGTON - 9992 06,President,,,Undervotes,1,0,,1,
Mendocino,WASHINGTON - 9992 06,President,,,Write-ins,0,0,,0,
Mendocino,WAUGH - 9 99120,President,,LIB,Chase Oliver,0,0,,0,
Mendocino,WAUGH - 9 99120,President,,PFP,Claudia De la Cruz,0,0,,0,
Mendocino,WAUGH - 9 99120,President,,REP,Donald Trump,4,0,,4,
Mendocino,WAUGH - 9 99120,President,,GRN,Jill Stein,0,0,,0,
Mendocino,WAUGH - 9 99120,President,,DEM,Kamala Harris,4,0,,4,
Mendocino,WAUGH - 9 99120,President,,,Overvotes,0,0,,0,
Mendocino,WAUGH - 9 99120,President,,AIP,Robert F. Kennedy Jr.,0,0,,0,
Mendocino,WAUGH - 9 99120,President,,,Undervotes,0,0,,0,
Mendocino,WAUGH - 9 99120,President,,,Write-ins,0,0,,0,
Mendocino,WEST GULC H - 999524,President,,LIB,Chase Oliver,0,0,,0,
Mendocino,WEST GULC H - 999524,President,,PFP,Claudia De la Cruz,0,0,,0,
Mendocino,WEST GULC H - 999524,President,,REP,Donald Trump,1,0,,1,
Mendocino,WEST GULC H - 999524,President,,GRN,Jill Stein,0,0,,0,
Mendocino,WEST GULC H - 999524,President,,DEM,Kamala Harris,8,0,,8,
Mendocino,WEST GULC H - 999524,President,,,Overvotes,0,0,,0,
Mendocino,WEST GULC H - 999524,President,,AIP,Robert F. Kennedy Jr.,0,0,,0,
Mendocino,WEST GULC H - 999524,President,,,Undervotes,0,0,,0,
Mendocino,WEST GULC H - 999524,President,,,Write-ins,0,0,,0,
Mendocino,WEST SANE L - 999562,President,,LIB,Chase Oliver,0,0,,0,
Mendocino,WEST SANE L - 999562,President,,PFP,Claudia De la Cruz,0,0,,0,
Mendocino,WEST SANE L - 999562,President,,REP,Donald Trump,57,3,,54,
Mendocino,WEST SANE L - 999562,President,,GRN,Jill Stein,6,0,,6,
Mendocino,WEST SANE L - 999562,President,,DEM,Kamala Harris,63,2,,61,
Mendocino,WEST SANE L - 999562,President,,,Overvotes,0,0,,0,
Mendocino,WEST SANE L - 999562,President,,AIP,Robert F. Kennedy Jr.,3,0,,3,
Mendocino,WEST SANE L - 999562,President,,,Undervotes,1,0,,1,
Mendocino,WEST SANE L - 999562,President,,,Write-ins,0,0,,0,
Mendocino,WEST SWA MP - 99943 7,President,,LIB,Chase Oliver,0,0,,0,
Mendocino,WEST SWA MP - 99943 7,President,,PFP,Claudia De la Cruz,0,0,,0,
Mendocino,WEST SWA MP - 99943 7,President,,REP,Donald Trump,8,0,,8,
Mendocino,WEST SWA MP - 99943 7,President,,GRN,Jill Stein,0,0,,0,
Mendocino,WEST SWA MP - 99943 7,President,,DEM,Kamala Harris,11,0,,11,
Mendocino,WEST SWA MP - 99943 7,President,,,Overvotes,0,0,,0,
Mendocino,WEST SWA MP - 99943 7,President,,AIP,Robert F. Kennedy Jr.,3,0,,3,
Mendocino,WEST SWA MP - 99943 7,President,,,Undervotes,0,0,,0,
Mendocino,WEST SWA MP - 99943 7,President,,,Write-ins,0,0,,0,
Mendocino,WEST TEDF ORD - 9995 61,President,,LIB,Chase Oliver,0,0,,0,
Mendocino,WEST TEDF ORD - 9995 61,President,,PFP,Claudia De la Cruz,0,0,,0,
Mendocino,WEST TEDF ORD - 9995 61,President,,REP,Donald Trump,0,0,,0,
Mendocino,WEST TEDF ORD - 9995 61,President,,GRN,Jill Stein,0,0,,0,
Mendocino,WEST TEDF ORD - 9995 61,President,,DEM,Kamala Harris,1,0,,1,
Mendocino,WEST TEDF ORD - 9995 61,President,,,Overvotes,0,0,,0,
Mendocino,WEST TEDF ORD - 9995 61,President,,AIP,Robert F. Kennedy Jr.,0,0,,0,
Mendocino,WEST TEDF ORD - 9995 61,President,,,Undervotes,0,0,,0,
Mendocino,WEST TEDF ORD - 9995 61,President,,,Write-ins,0,0,,0,
Mendocino,WEST WALK ER - 9994 29,President,,LIB,Chase Oliver,3,0,,3,
Mendocino,WEST WALK ER - 9994 29,President,,PFP,Claudia De la Cruz,0,0,,0,
Mendocino,WEST WALK ER - 9994 29,President,,REP,Donald Trump,23,1,,22,
Mendocino,WEST WALK ER - 9994 29,President,,GRN,Jill Stein,0,0,,0,
Mendocino,WEST WALK ER - 9994 29,President,,DEM,Kamala Harris,69,1,,68,
Mendocino,WEST WALK ER - 9994 29,President,,,Overvotes,0,0,,0,
Mendocino,WEST WALK ER - 9994 29,President,,AIP,Robert F. Kennedy Jr.,2,0,,2,
Mendocino,WEST WALK ER - 9994 29,President,,,Undervotes,2,0,,2,
Mendocino,WEST WALK ER - 9994 29,President,,,Write-ins,0,0,,0,
Mendocino,WESTERN B URBECK - 999416,President,,LIB,Chase Oliver,0,0,,0,
Mendocino,WESTERN B URBECK - 999416,President,,PFP,Claudia De la Cruz,0,0,,0,
Mendocino,WESTERN B URBECK - 999416,President,,REP,Donald Trump,2,0,,2,
Mendocino,WESTERN B URBECK - 999416,President,,GRN,Jill Stein,0,0,,0,
Mendocino,WESTERN B URBECK - 999416,President,,DEM,Kamala Harris,10,0,,10,
Mendocino,WESTERN B URBECK - 999416,President,,,Overvotes,0,0,,0,
Mendocino,WESTERN B URBECK - 999416,President,,AIP,Robert F. Kennedy Jr.,1,0,,1,
Mendocino,WESTERN B URBECK - 999416,President,,,Undervotes,0,0,,0,
Mendocino,WESTERN B URBECK - 999416,President,,,Write-ins,0,0,,0,
Mendocino,WESTPORT - 999406,President,,LIB,Chase Oliver,0,0,,0,
Mendocino,WESTPORT - 999406,President,,PFP,Claudia De la Cruz,0,0,,0,
Mendocino,WESTPORT - 999406,President,,REP,Donald Trump,10,0,,10,
Mendocino,WESTPORT - 999406,President,,GRN,Jill Stein,0,0,,0,
Mendocino,WESTPORT - 999406,President,,DEM,Kamala Harris,23,1,,22,
Mendocino,WESTPORT - 999406,President,,,Overvotes,0,0,,0,
Mendocino,WESTPORT - 999406,President,,AIP,Robert F. Kennedy Jr.,0,0,,0,
Mendocino,WESTPORT - 999406,President,,,Undervotes,2,0,,2,
Mendocino,WESTPORT - 999406,President,,,Write-ins,0,0,,0,
Mendocino,WILLITS - 9 99318,President,,LIB,Chase Oliver,5,0,,5,
Mendocino,WILLITS - 9 99318,President,,PFP,Claudia De la Cruz,4,1,,3,
Mendocino,WILLITS - 9 99318,President,,REP,Donald Trump,216,23,,193,
Mendocino,WILLITS - 9 99318,President,,GRN,Jill Stein,6,0,,6,
Mendocino,WILLITS - 9 99318,President,,DEM,Kamala Harris,343,25,,318,
Mendocino,WILLITS - 9 99318,President,,,Overvotes,0,0,,0,
Mendocino,WILLITS - 9 99318,President,,AIP,Robert F. Kennedy Jr.,18,4,,14,
Mendocino,WILLITS - 9 99318,President,,,Undervotes,8,0,,8,
Mendocino,WILLITS - 9 99318,President,,,Write-ins,0,0,,0,
Mendocino,WILLOW - 9 99539,President,,LIB,Chase Oliver,3,0,,3,
Mendocino,WILLOW - 9 99539,President,,PFP,Claudia De la Cruz,0,0,,0,
Mendocino,WILLOW - 9 99539,President,,REP,Donald Trump,35,0,,35,
Mendocino,WILLOW - 9 99539,President,,GRN,Jill Stein,0,0,,0,
Mendocino,WILLOW - 9 99539,President,,DEM,Kamala Harris,43,2,,41,
Mendocino,WILLOW - 9 99539,President,,,Overvotes,0,0,,0,
Mendocino,WILLOW - 9 99539,President,,AIP,Robert F. Kennedy Jr.,2,1,,1,
Mendocino,WILLOW - 9 99539,President,,,Undervotes,2,0,,2,
Mendocino,WILLOW - 9 99539,President,,,Write-ins,0,0,,0,
Mendocino,WOODLAND - 400003,President,,LIB,Chase Oliver,1,0,,1,
Mendocino,WOODLAND - 400003,President,,PFP,Claudia De la Cruz,0,0,,0,
Mendocino,WOODLAND - 400003,President,,REP,Donald Trump,74,10,,64,
Mendocino,WOODLAND - 400003,President,,GRN,Jill Stein,2,0,,2,
Mendocino,WOODLAND - 400003,President,,DEM,Kamala Harris,163,8,,155,
Mendocino,WOODLAND - 400003,President,,,Overvotes,0,0,,0,
Mendocino,WOODLAND - 400003,President,,AIP,Robert F. Kennedy Jr.,5,0,,5,
Mendocino,WOODLAND - 400003,President,,,Undervotes,2,0,,2,
Mendocino,WOODLAND - 400003,President,,,Write-ins,0,0,,0,
Mendocino,ZINFANDEL - 999544,President,,LIB,Chase Oliver,2,0,,2,
Mendocino,ZINFANDEL - 999544,President,,PFP,Claudia De la Cruz,0,0,,0,
Mendocino,ZINFANDEL - 999544,President,,REP,Donald Trump,83,2,,81,
Mendocino,ZINFANDEL - 999544,President,,GRN,Jill Stein,4,0,,4,
Mendocino,ZINFANDEL - 999544,President,,DEM,Kamala Harris,83,1,,82,
Mendocino,ZINFANDEL - 999544,President,,,Overvotes,0,0,,0,
Mendocino,ZINFANDEL - 999544,President,,AIP,Robert F. Kennedy Jr.,3,0,,3,
Mendocino,ZINFANDEL - 999544,President,,,Undervotes,8,0,,8,
Mendocino,ZINFANDEL - 999544,President,,,Write-ins,0,0,,0,
